No.;Time;Comment;Scramble;Date;P.1
1;15.46;; (4,0)/ (-3,0)/ (-1,5)/ (3,-3)/ (3,0)/ (6,0)/ (-5,0)/ (0,-3)/ (-3,0)/ (0,-4)/ (2,0)/ (-2,0)/ (-4,-5)/ (0,-5)/;2026-01-01 14:36:18;15.46
2;12.37;; (0,5)/ (-2,-5)/ (-1,2)/ (3,0)/ (-2,-2)/ (3,-1)/ (6,-3)/ (1,-3)/ (-1,0)/ (4,0)/ (-4,-1)/ (2,0);2026-01-01 14:36:47;12.37
3;20.63;; (3,-1)/ (0,-3)/ (0,3)/ (3,0)/ (4,-2)/ (3,0)/ (-1,-3)/ (-3,0)/ (0,-1)/ (2,0)/ (-2,-2)/ (0,-1)/ (-2,0);2026-01-01 14:37:54;20.63
4;11.42;CSP; (0,2)/ (3,0)/ (-5,4)/ (5,-1)/ (3,0)/ (0,-3)/ (-2,-3)/ (0,-3)/ (3,0)/ (6,0)/ (0,-3)/ (0,-1)/;2026-01-01 14:38:52;11.42
5;17.97;; (0,-4)/ (4,4)/ (0,-3)/ (3,0)/ (5,-1)/ (-2,0)/ (0,-3)/ (-1,0)/ (4,0)/ (0,-4)/ (-4,0)/ (-4,-3);2026-01-01 14:39:34;17.97
6;14.36;; (3,2)/ (1,-5)/ (-3,0)/ (5,-1)/ (3,0)/ (0,-3)/ (0,-5)/ (0,-3)/ (-2,0)/ (5,0)/ (4,0)/ (0,-5)/ (-4,0)/ (-2,-4);2026-01-01 14:40:11;14.36
7;15.22;; (1,3)/ (5,2)/ (-3,-3)/ (3,0)/ (1,-5)/ (-1,0)/ (3,0)/ (-5,0)/ (-4,0)/ (2,0)/ (-2,0)/ (6,0)/ (-4,0);2026-01-01 14:40:39;15.22
8;15.35;; (4,3)/ (2,-1)/ (-5,-2)/ (0,-3)/ (-3,0)/ (0,-1)/ (-3,-3)/ (-5,0)/ (2,-2)/ (-4,-5)/ (4,-5)/ (0,-5);2026-01-01 14:41:18;15.35
9;16.02;; (0,-1)/ (4,-5)/ (0,-3)/ (-4,-1)/ (4,-2)/ (-3,0)/ (5,0)/ (3,0)/ (1,0)/ (4,0)/ (2,0)/ (2,0)/ (-5,0)/ (6,0)/;2026-01-01 14:41:54;16.02
10;13.76;; (-2,0)/ (0,-3)/ (-1,-4)/ (3,0)/ (-3,0)/ (-2,-5)/ (2,0)/ (0,-3)/ (0,-3)/ (0,-2)/ (-2,0)/ (2,-2)/ (0,-2)/ (3,0)/;2026-01-01 14:42:35;13.76
11;18.73;; (1,0)/ (-3,3)/ (0,-3)/ (3,0)/ (-1,-4)/ (-5,-2)/ (5,0)/ (3,0)/ (-3,-4)/ (1,0)/ (6,0)/ (0,-4)/ (0,-1)/;2026-01-01 14:43:22;18.73
12;16.07;; (0,2)/ (0,3)/ (-2,1)/ (-3,0)/ (6,0)/ (-1,-1)/ (-5,-3)/ (0,-3)/ (-3,-2)/ (-4,-2)/ (0,-2)/ (-3,0);2026-01-01 14:44:00;16.07
13;10.67;; (-5,3)/ (-4,-1)/ (-5,-2)/ (2,-4)/ (0,-3)/ (-2,0)/ (3,0)/ (-3,0)/ (-1,-5)/ (0,-2)/ (3,0)/ (6,-2);2026-01-01 14:44:33;10.67
14;20.20;; (1,0)/ (0,3)/ (0,3)/ (-3,-3)/ (2,-1)/ (3,-2)/ (3,0)/ (1,-4)/ (4,0)/ (-3,0)/ (-2,0)/ (-1,-4)/;2026-01-01 14:44:59;20.20
15;17.69;; (0,2)/ (1,4)/ (0,3)/ (2,-1)/ (3,0)/ (1,0)/ (0,-3)/ (0,-2)/ (0,-1)/ (2,-1)/ (3,-2)/ (2,-3)/ (-5,0)/;2026-01-01 14:45:34;17.69
16;24.12;FAIL; (0,-1)/ (1,-2)/ (3,0)/ (2,-1)/ (4,-2)/ (6,-1)/ (3,0)/ (2,-5)/ (-4,0)/ (-2,-4)/ (0,-4)/ (5,-3)/;2026-01-01 14:46:28;24.12
17;19.45;; (0,2)/ (-5,1)/ (-3,0)/ (-1,-1)/ (3,0)/ (4,-5)/ (-4,0)/ (0,-3)/ (0,-1)/ (4,0)/ (-4,-4)/ (-2,-3)/ (-3,0);2026-01-01 14:47:13;19.45
18;13.84;; (0,5)/ (-2,-5)/ (-3,6)/ (5,-1)/ (3,0)/ (3,0)/ (0,-5)/ (-3,-3)/ (0,-1)/ (2,0)/ (0,-2)/ (2,0)/ (3,0)/ (6,0);2026-01-01 14:47:48;13.84
19;16.35;; (-2,0)/ (0,6)/ (0,-3)/ (-3,0)/ (-1,-4)/ (1,-5)/ (3,-4)/ (-3,0)/ (5,-2)/ (4,0)/ (6,-4);2026-01-01 14:48:19;16.35
20;12.87;; (0,-4)/ (3,0)/ (3,0)/ (-3,0)/ (0,-3)/ (-5,-5)/ (0,-3)/ (-4,0)/ (-3,0)/ (0,-3)/ (-2,-3)/ (4,0)/ (2,0)/ (4,-1)/;2026-01-01 14:49:15;12.87
21;17.56;; (0,-4)/ (0,3)/ (-2,4)/ (3,0)/ (0,-3)/ (-1,-1)/ (3,-5)/ (0,-3)/ (4,-1)/ (4,0)/ (-3,-4)/ (-2,0)/ (-4,0);2026-01-01 14:49:44;17.56
22;13.03;; (1,3)/ (2,-4)/ (-3,0)/ (-5,-2)/ (6,-3)/ (0,-4)/ (-3,0)/ (-1,0)/ (0,-5)/ (-4,0)/ (-2,-4)/ (3,-2);2026-01-01 14:50:15;13.03
23;14.13;; (0,2)/ (-3,0)/ (3,0)/ (-3,0)/ (-2,-2)/ (5,-3)/ (-3,-3)/ (0,-5)/ (-2,0)/ (-4,-4)/ (2,0);2026-01-01 14:50:44;14.13
24;11.47;; (0,-1)/ (4,-5)/ (0,-3)/ (-3,-3)/ (-4,-1)/ (-3,0)/ (4,0)/ (-3,-3)/ (-3,0)/ (2,0)/ (-4,0)/ (1,0)/ (-2,0)/ (0,-2);2026-01-01 14:51:16;11.47
25;16.48;CSP; (1,-3)/ (-3,0)/ (-1,-4)/ (1,-5)/ (2,-1)/ (4,-3)/ (0,-3)/ (5,-2)/ (0,-2)/ (-4,0)/ (0,-2)/ (-2,0)/ (0,-2);2026-01-01 14:52:01;16.48
26;14.81;; (1,-3)/ (5,2)/ (3,0)/ (4,-5)/ (0,-3)/ (-4,0)/ (3,0)/ (-5,0)/ (-4,0)/ (4,-3)/ (-4,0)/ (-5,0)/;2026-01-01 14:52:40;14.81
27;13.60;; (3,2)/ (1,4)/ (0,-3)/ (-3,0)/ (5,-1)/ (4,-3)/ (-3,-3)/ (3,0)/ (2,0)/ (4,0)/ (2,-3);2026-01-01 14:53:07;13.60
28;9.61;CSP; (4,3)/ (0,3)/ (-3,0)/ (5,-4)/ (3,-3)/ (3,-5)/ (3,0)/ (1,0)/ (-4,0)/ (-4,0)/ (-3,0)/ (4,-4)/ (4,0)/;2026-01-01 14:54:00;9.61
29;15.10;; (0,2)/ (0,3)/ (1,4)/ (-4,-1)/ (1,-5)/ (0,-1)/ (0,-3)/ (-1,-3)/ (-5,0)/ (-4,0)/ (0,-5)/ (-4,0)/ (2,-4);2026-01-01 14:54:35;15.10
30;21.06;; (1,0)/ (2,-1)/ (-2,-5)/ (3,0)/ (6,0)/ (-3,-3)/ (0,-1)/ (3,0)/ (0,-5)/ (0,-4)/ (4,-3)/ (5,-2)/ (6,-1);2026-01-01 14:55:07;21.06
31;11.90;; (-2,-3)/ (0,3)/ (-4,-4)/ (-3,0)/ (6,0)/ (-3,0)/ (0,-5)/ (6,-3)/ (-4,-5)/ (-2,-3)/ (3,0)/ (6,-5)/ (-2,0);2026-01-01 14:55:46;11.90
32;12.10;; (0,2)/ (0,-3)/ (1,1)/ (0,-3)/ (-3,0)/ (2,-1)/ (0,-5)/ (-3,0)/ (0,-1)/ (0,-5)/ (-3,-4)/ (-1,0)/ (3,-2)/ (3,0);2026-01-01 14:56:13;12.10
33;17.04;; (3,2)/ (0,3)/ (0,-3)/ (-2,-2)/ (-3,0)/ (2,-1)/ (0,-5)/ (0,-3)/ (3,0)/ (-1,0)/ (0,-5)/ (-2,-3)/ (-2,0)/;2026-01-01 14:56:38;17.04
34;13.33;; (-2,0)/ (-3,0)/ (-3,0)/ (-1,-1)/ (1,-2)/ (-3,0)/ (-3,-1)/ (-3,0)/ (0,-3)/ (-1,-3)/ (1,-4)/ (6,0)/ (-1,0);2026-01-01 14:57:11;13.33
35;13.74;; (4,-3)/ (0,3)/ (-3,0)/ (-1,-1)/ (0,-3)/ (-3,0)/ (-2,0)/ (0,-3)/ (-1,0)/ (-2,0)/ (2,0)/ (-1,0)/ (4,0)/ (1,-2)/;2026-01-01 14:57:40;13.74
36;10.86;; (0,-4)/ (-2,-2)/ (-3,0)/ (3,0)/ (5,-4)/ (4,-2)/ (0,-4)/ (0,-3)/ (3,-3)/ (4,-1)/ (3,-4)/ (4,-1);2026-01-01 14:58:29;10.86
37;16.44;; (1,0)/ (-1,2)/ (0,-3)/ (-2,-5)/ (2,-4)/ (6,-2)/ (3,0)/ (1,0)/ (2,0)/ (6,-4)/ (0,-4)/;2026-01-01 14:59:18;16.44
38;13.29;; (0,-1)/ (0,3)/ (3,-3)/ (4,-5)/ (6,-3)/ (-4,-3)/ (-3,0)/ (4,-1)/ (0,-2)/ (0,-4)/ (5,0)/ (2,0)/ (3,-1);2026-01-01 14:59:54;13.29
39;15.63;; (4,-3)/ (-3,0)/ (0,3)/ (-3,0)/ (-4,-1)/ (-2,-5)/ (2,0)/ (0,-3)/ (4,-1)/ (0,-4)/ (-4,-5)/ (-2,0)/ (-2,-4);2026-01-01 15:00:26;15.63
40;9.68;; (-3,5)/ (3,0)/ (3,0)/ (0,-3)/ (-5,-5)/ (3,0)/ (6,-1)/ (-3,-3)/ (0,-4)/ (1,0)/ (6,0)/ (-5,0)/ (-1,0);2026-01-01 15:00:58;9.68
41;13.48;; (3,5)/ (-2,1)/ (3,0)/ (-4,-1)/ (1,-5)/ (2,-3)/ (-3,-3)/ (-3,0)/ (-5,0)/ (5,-1)/ (-5,0);2026-01-01 15:01:25;13.48
42;23.85;; (0,-1)/ (-3,0)/ (0,3)/ (6,0)/ (1,-2)/ (2,-4)/ (3,-2)/ (-3,-3)/ (0,-1)/ (-4,0)/ (2,-5)/ (0,-5)/ (-4,0)/;2026-01-01 15:24:35;23.85
43;13.57;; (-2,-3)/ (2,-4)/ (0,-3)/ (-2,-5)/ (-1,-4)/ (-3,-2)/ (0,-3)/ (-2,-3)/ (3,-4)/ (2,0)/ (-1,0)/;2026-01-01 15:25:15;13.57
44;13.24;; (0,5)/ (3,0)/ (3,-3)/ (-2,-5)/ (0,-3)/ (3,-3)/ (0,-1)/ (0,-3)/ (6,0)/ (0,-3)/ (-1,-3)/ (0,-5)/ (-2,0)/;2026-01-01 15:25:45;13.24
45;14.46;; (-3,5)/ (-2,1)/ (3,0)/ (-1,-1)/ (0,-3)/ (4,0)/ (3,0)/ (3,0)/ (-1,-3)/ (0,-4);2026-01-01 15:26:14;14.46
46;12.71;; (1,0)/ (-3,0)/ (3,0)/ (-4,-4)/ (0,-3)/ (0,-3)/ (0,-2)/ (0,-3)/ (-2,-3)/ (-1,-2)/ (4,-2)/ (0,-4)/ (-2,-5);2026-01-01 15:26:43;12.71
47;15.30;; (-5,3)/ (-4,5)/ (3,0)/ (0,-3)/ (-2,-2)/ (-3,0)/ (-4,0)/ (-3,0)/ (0,-3)/ (-4,-3)/ (-4,0)/ (-4,0)/ (6,-3);2026-01-01 15:27:11;15.30
48;20.61;; (0,-4)/ (1,-2)/ (3,0)/ (0,-3)/ (0,-3)/ (5,-4)/ (1,-3)/ (3,0)/ (2,-5)/ (2,0)/ (-2,0)/ (4,-1)/ (6,0)/;2026-01-01 15:27:47;20.61
49;13.63;; (-2,0)/ (-4,2)/ (1,1)/ (0,-3)/ (-3,0)/ (2,0)/ (3,0)/ (1,0)/ (-2,-4)/ (0,-2)/ (-4,-3)/ (0,-2)/ (0,-3);2026-01-01 15:28:20;13.63
50;10.17;CSP; (-2,0)/ (0,3)/ (5,2)/ (6,-3)/ (-3,0)/ (3,-5)/ (-3,0)/ (4,-3)/ (2,0)/ (-2,-4)/ (-1,0);2026-01-01 15:28:59;10.17
51;15.26;; (-3,-1)/ (-2,1)/ (0,-3)/ (0,-3)/ (3,0)/ (-3,0)/ (0,-4)/ (0,-3)/ (0,-3)/ (6,-1)/ (-5,0)/ (-1,-4)/ (4,0)/ (4,0);2026-01-01 15:29:31;15.26
52;10.79;; (-2,-3)/ (0,3)/ (-1,-4)/ (3,0)/ (-5,-5)/ (0,-3)/ (5,0)/ (-3,-3)/ (0,-5)/ (0,-2)/ (2,-4)/ (6,0)/;2026-01-01 15:30:02;10.79
53;13.87;; (1,3)/ (-1,-1)/ (-3,0)/ (-3,-3)/ (6,0)/ (0,-5)/ (-3,-3)/ (0,-5)/ (4,0)/ (-4,-4)/ (0,-4)/ (-5,0);2026-01-01 15:30:28;13.87
54;19.52;; (0,5)/ (0,-3)/ (6,0)/ (0,-3)/ (-2,-5)/ (-3,0)/ (3,0)/ (-1,0)/ (3,0)/ (6,-3)/ (-3,0)/ (0,-1)/ (2,0)/ (-1,-2)/;2026-01-01 15:30:57;19.52
55;12.29;; (0,-1)/ (0,-3)/ (0,-3)/ (-2,-2)/ (3,0)/ (3,0)/ (6,0)/ (-1,0)/ (0,-3)/ (-3,0)/ (-3,-5)/ (-2,0)/ (5,-4)/ (0,-4);2026-01-01 15:31:31;12.29
56;15.68;; (0,-1)/ (-2,-5)/ (-3,0)/ (0,-3)/ (-1,-4)/ (6,0)/ (-3,-2)/ (0,-3)/ (-3,0)/ (0,-1)/ (4,-4)/ (4,-3)/;2026-01-01 15:31:56;15.68
57;12.40;; (-5,-3)/ (0,3)/ (-4,2)/ (1,-5)/ (-1,-4)/ (3,-5)/ (-3,0)/ (0,-3)/ (0,-3)/ (2,0)/ (0,-5)/ (-4,0)/ (-4,0);2026-01-01 15:32:25;12.40
58;14.56;; (0,-4)/ (-3,-3)/ (3,0)/ (0,-3)/ (-2,-5)/ (-3,0)/ (2,0)/ (-3,0)/ (0,-3)/ (2,0)/ (1,-4)/ (-5,0);2026-01-01 15:32:49;14.56
59;16.50;; (-2,0)/ (-4,-1)/ (0,3)/ (0,-3)/ (1,-2)/ (3,0)/ (5,0)/ (0,-3)/ (6,0)/ (0,-5)/ (-4,0)/ (6,-4)/ (5,0)/ (-2,-2);2026-01-01 15:33:23;16.50
60;18.46;; (3,-1)/ (-2,-2)/ (3,0)/ (-3,0)/ (5,-1)/ (-3,0)/ (4,0)/ (-3,0)/ (-1,-2)/ (-2,0)/ (3,-4)/ (6,-2)/;2026-01-01 15:33:54;18.46
61;13.30;; (4,0)/ (5,5)/ (0,-3)/ (4,-2)/ (2,-1)/ (0,-3)/ (1,0)/ (3,0)/ (-3,0)/ (-1,-5)/ (3,-2)/ (6,-4)/ (6,0);2026-01-01 15:34:28;13.30
62;12.04;; (-2,3)/ (0,6)/ (-4,-4)/ (-3,0)/ (0,-3)/ (-2,-5)/ (0,-4)/ (-3,0)/ (-1,0)/ (0,-5)/ (-4,-4)/ (3,0)/ (-4,-2);2026-01-01 15:34:54;12.04
63;15.36;; (0,5)/ (-2,1)/ (-3,0)/ (-1,-4)/ (1,-5)/ (-4,0)/ (-3,-3)/ (6,-1)/ (0,-4)/ (2,0);2026-01-01 15:35:18;15.36
64;16.26;; (0,2)/ (1,1)/ (0,3)/ (5,-1)/ (0,-3)/ (-3,0)/ (4,0)/ (-3,0)/ (-1,-2)/ (-4,-3)/ (2,0)/ (2,0)/ (-5,-1);2026-01-01 15:35:48;16.26
65;13.61;; (-5,0)/ (0,-3)/ (0,6)/ (2,-4)/ (-5,-5)/ (-3,0)/ (-4,0)/ (3,0)/ (-3,0)/ (6,-4)/ (4,0)/ (0,-4)/;2026-01-01 15:36:20;13.61
66;13.95;; (0,-4)/ (-2,-5)/ (-3,0)/ (2,-1)/ (-3,0)/ (-3,-2)/ (-3,-3)/ (-4,0)/ (0,-5)/ (0,-5)/ (6,-2)/;2026-01-01 15:36:52;13.95
67;14.25;; (0,-1)/ (4,-2)/ (-1,2)/ (3,0)/ (3,0)/ (-5,-5)/ (0,-4)/ (6,0)/ (3,0)/ (-1,-2)/ (-4,-3)/ (-4,0)/ (4,0);2026-01-01 15:37:18;14.25
68;11.51;; (4,0)/ (0,-3)/ (6,0)/ (-1,-1)/ (0,-3)/ (-3,-5)/ (-3,-3)/ (0,-5)/ (-4,-2)/ (-4,0)/;2026-01-01 15:37:45;11.51
69;16.87;; (-5,0)/ (2,-1)/ (6,-3)/ (0,-3)/ (-2,-5)/ (-3,-4)/ (0,-3)/ (-3,-2)/ (0,-4)/ (2,0)/ (-3,0)/ (2,0)/ (-1,0);2026-01-01 15:38:15;16.87
70;15.31;; (4,0)/ (0,6)/ (3,0)/ (3,0)/ (0,-3)/ (0,-3)/ (3,-1)/ (-3,-3)/ (-5,-2)/ (0,-2)/ (2,0)/ (2,0)/ (-4,0);2026-01-01 15:38:48;15.31
71;12.69;; (0,5)/ (3,0)/ (-2,-5)/ (3,0)/ (5,-4)/ (-2,-5)/ (-4,0)/ (3,0)/ (0,-3)/ (-3,-5)/ (-4,0)/ (-3,-4);2026-01-01 15:39:19;12.69
72;12.38;; (4,0)/ (-1,5)/ (1,-2)/ (-1,-4)/ (4,-5)/ (-1,0)/ (3,0)/ (-3,-4)/ (-3,-4)/ (6,-5);2026-01-01 15:39:43;12.38
73;16.43;; (4,-3)/ (0,-3)/ (-4,5)/ (4,-2)/ (3,0)/ (5,0)/ (3,0)/ (1,-4)/ (-2,-4)/ (-4,0)/ (0,-2)/ (4,0);2026-01-01 15:40:10;16.43
74;15.49;; (0,-4)/ (3,-3)/ (4,-5)/ (3,-3)/ (0,-1)/ (0,-3)/ (6,0)/ (1,-4)/ (2,0)/ (3,-2)/ (2,0)/ (3,-4)/ (-5,0);2026-01-01 15:40:44;15.49
75;12.79;; (-2,0)/ (0,3)/ (3,0)/ (-3,0)/ (3,0)/ (2,-1)/ (4,-3)/ (-3,0)/ (-1,-2)/ (4,0)/ (0,-3)/ (-2,-3)/;2026-01-01 15:41:14;12.79
76;16.47;; (-2,-3)/ (5,2)/ (4,-5)/ (5,-4)/ (3,0)/ (3,-5)/ (-3,-3)/ (0,-5)/ (0,-2)/ (2,-4)/ (-4,0)/ (-4,0);2026-01-01 15:41:45;16.47
77;11.88;; (0,2)/ (-3,0)/ (1,4)/ (2,-1)/ (-3,-3)/ (6,0)/ (-2,0)/ (-3,0)/ (-1,-2)/ (2,-3)/ (-2,0)/ (4,0)/ (2,-5);2026-01-01 15:42:20;11.88
78;16.89;; (3,-1)/ (-2,-2)/ (3,0)/ (-1,-1)/ (-3,0)/ (-3,0)/ (0,-2)/ (6,0)/ (0,-3)/ (6,-5)/ (0,-1)/ (0,-2)/ (2,-5);2026-01-01 15:42:44;16.89
79;13.55;; (1,0)/ (0,-3)/ (2,5)/ (3,0)/ (-2,-5)/ (-3,-3)/ (5,0)/ (3,0)/ (-5,-4)/ (3,-2)/ (-2,0)/ (5,0)/ (-4,-3);2026-01-01 15:43:21;13.55
80;12.14;; (4,0)/ (0,3)/ (5,5)/ (0,-3)/ (-2,-5)/ (-4,-4)/ (1,0)/ (0,-3)/ (3,-2)/ (2,0)/ (-4,-2)/ (3,0)/ (6,0);2026-01-01 15:43:48;12.14
81;14.70;; (4,0)/ (0,6)/ (-1,5)/ (-3,0)/ (1,-2)/ (0,-3)/ (0,-4)/ (0,-3)/ (0,-2)/ (5,0)/ (-3,0)/ (0,-2)/ (-4,-2)/ (-3,0)/;2026-01-01 15:44:17;14.70
82;16.35;; (0,5)/ (-3,-3)/ (1,4)/ (-1,-1)/ (-3,0)/ (0,-3)/ (0,-2)/ (-3,0)/ (0,-1)/ (2,-2)/ (5,0)/ (-2,0)/ (-1,0)/;2026-01-01 15:44:47;16.35
83;18.16;; (-5,0)/ (-1,-4)/ (1,4)/ (2,-1)/ (0,-3)/ (-3,0)/ (0,-5)/ (0,-3)/ (0,-1)/ (-5,0)/ (6,-4)/ (-4,0)/ (0,-5);2026-01-01 15:45:21;18.16
84;12.48;; (-2,0)/ (6,-3)/ (3,0)/ (-4,-4)/ (-3,0)/ (1,-2)/ (0,-1)/ (3,0)/ (0,-3)/ (-2,-3)/ (0,-4)/ (-2,-3);2026-01-01 15:45:53;12.48
85;11.98;; (-2,3)/ (0,-3)/ (-1,-4)/ (1,-2)/ (-3,-1)/ (0,-3)/ (-1,0)/ (0,-4)/ (4,-2)/ (0,-4)/ (6,-3);2026-01-01 15:46:25;11.98
86;12.72;; (-5,3)/ (3,0)/ (-4,5)/ (3,0)/ (3,0)/ (-2,-5)/ (-4,0)/ (3,0)/ (3,0)/ (-2,0)/ (-2,-4)/ (0,-3)/ (6,0)/;2026-01-01 15:46:50;12.72
87;16.67;; (-5,3)/ (-4,-4)/ (0,-3)/ (4,-5)/ (-3,0)/ (3,0)/ (-4,0)/ (0,-3)/ (-2,-3)/ (2,-2)/ (0,-2)/ (-5,-2)/;2026-01-01 15:52:13;16.67
88;11.92;; (-5,0)/ (2,-4)/ (-5,4)/ (-1,-4)/ (-3,0)/ (3,-2)/ (0,-3)/ (3,0)/ (6,-5)/ (0,-1)/ (2,0)/ (0,-2);2026-01-01 15:52:42;11.92
89;12.30;; (0,5)/ (-5,-2)/ (-3,0)/ (3,0)/ (0,-3)/ (0,-3)/ (-3,0)/ (0,-1)/ (3,0)/ (-4,-5)/ (0,-2)/ (0,-4)/ (0,-2);2026-01-01 15:53:24;12.30
90;14.67;; (0,-1)/ (6,-3)/ (-2,-5)/ (-3,0)/ (0,-3)/ (0,-3)/ (-4,0)/ (3,0)/ (1,0)/ (4,0)/ (6,-4)/ (3,0);2026-01-01 15:53:48;14.67
91;28.62;; (0,5)/ (-3,0)/ (-5,1)/ (2,-4)/ (0,-3)/ (1,-5)/ (2,0)/ (3,0)/ (0,-4)/ (-5,0)/ (0,-2)/ (2,-3)/ (1,0)/ (2,0);2026-01-01 15:54:18;28.62
92;12.72;; (-3,2)/ (3,6)/ (-5,-2)/ (-3,0)/ (2,-4)/ (0,-2)/ (-3,0)/ (0,-3)/ (4,0)/ (4,0)/ (0,-4)/ (-5,0)/ (0,-2)/;2026-01-01 15:55:48;12.72
93;16.85;; (-5,0)/ (3,3)/ (-1,-4)/ (6,-3)/ (1,0)/ (-3,0)/ (0,-3)/ (-5,0)/ (2,-2)/ (2,-3)/ (0,-2)/ (-4,-3);2026-01-01 15:56:13;16.85
94;13.16;; (4,-3)/ (3,0)/ (-1,2)/ (-3,0)/ (3,0)/ (0,-3)/ (1,0)/ (3,0)/ (3,0)/ (-1,-3)/ (-5,0)/ (2,0)/ (3,-2);2026-01-01 15:56:44;13.16
95;13.73;; (0,5)/ (3,0)/ (4,-2)/ (3,0)/ (2,-1)/ (1,-5)/ (-1,0)/ (-3,0)/ (-2,-1)/ (4,0)/ (-3,0)/ (0,-5);2026-01-01 15:57:11;13.73
96;19.75;; (1,0)/ (-4,-1)/ (4,-5)/ (5,-4)/ (3,-5)/ (-3,0)/ (4,-1)/ (-4,0)/ (4,-3)/ (0,-4)/;2026-01-01 15:57:40;19.75
97;10.77;; (3,-4)/ (1,-2)/ (-3,0)/ (5,-1)/ (0,-3)/ (0,-3)/ (0,-2)/ (3,0)/ (1,-3)/ (0,-1)/ (-2,0)/ (6,0);2026-01-01 15:58:11;10.77
98;18.89;; (3,2)/ (-3,0)/ (-5,4)/ (-1,-4)/ (4,-2)/ (2,-3)/ (0,-3)/ (6,0)/ (-4,0)/ (-5,0)/ (-4,0)/ (0,-3)/ (4,0);2026-01-01 15:58:38;18.89
99;15.95;; (0,-1)/ (3,6)/ (-5,-2)/ (5,-4)/ (1,-2)/ (0,-1)/ (-3,0)/ (-1,-2)/ (-2,0)/ (1,-4)/ (1,-4);2026-01-01 15:59:38;15.95
100;12.80;; (0,5)/ (4,-2)/ (0,-3)/ (6,-3)/ (-3,0)/ (2,-1)/ (-5,0)/ (3,0)/ (6,-3)/ (3,-4)/ (0,-5)/ (0,-2)/ (-2,0);2026-01-01 16:00:09;12.80
101;16.35;; (0,-1)/ (0,-3)/ (0,-3)/ (3,0)/ (3,0)/ (6,0)/ (-2,-2)/ (0,-1)/ (3,0)/ (-4,0)/ (-3,0)/ (2,-2)/ (2,0)/ (6,-1);2026-01-01 16:04:43;16.35
102;14.71;; (3,2)/ (4,-5)/ (2,-4)/ (1,-5)/ (-1,-4)/ (0,-5)/ (0,-3)/ (4,-3)/ (0,-3)/ (5,0)/ (-4,0)/ (3,0)/ (0,-3);2026-01-01 16:05:15;14.71
103;15.78;; (0,5)/ (-2,-2)/ (0,6)/ (-3,0)/ (5,-4)/ (6,-3)/ (0,-2)/ (-3,0)/ (-3,0)/ (-3,-3)/ (4,0)/ (-2,0)/;2026-01-01 16:05:44;15.78
104;21.16;; (0,2)/ (1,-5)/ (2,-4)/ (4,-5)/ (5,-4)/ (-3,-2)/ (6,-3)/ (-4,-3)/ (2,0)/ (4,0)/ (-4,0)/ (4,-5);2026-01-01 16:06:18;21.16
105;19.89;; (-5,0)/ (-3,0)/ (3,0)/ (5,-1)/ (-5,-5)/ (-4,0)/ (0,-3)/ (0,-3)/ (3,-2)/ (5,-2)/ (-1,0)/;2026-01-01 16:07:01;19.89
106;17.54;; (0,-1)/ (4,-2)/ (-3,6)/ (-3,0)/ (5,-4)/ (-2,0)/ (0,-3)/ (5,0)/ (0,-2)/ (-4,0)/ (-5,0)/ (-4,0)/ (-2,0)/;2026-01-01 16:07:37;17.54
107;17.48;; (4,0)/ (5,-4)/ (-2,1)/ (5,-4)/ (-3,0)/ (0,-3)/ (-5,0)/ (0,-3)/ (3,0)/ (0,-4)/ (2,-2)/ (0,-4)/ (0,-4)/ (0,-5);2026-01-01 16:08:31;17.48
108;13.87;; (-5,3)/ (-3,3)/ (2,-1)/ (6,-3)/ (0,-3)/ (-5,0)/ (-3,-3)/ (1,0)/ (0,-2)/ (-2,0)/ (6,-2);2026-01-01 16:09:23;13.87
109;20.37;; (4,-3)/ (2,-4)/ (-3,0)/ (0,-3)/ (-5,-2)/ (-3,0)/ (0,-4)/ (0,-3)/ (-3,0)/ (-3,0)/ (6,-4)/ (2,0)/ (6,-4)/;2026-01-01 16:10:22;20.37
110;21.14;; (4,0)/ (0,3)/ (0,-3)/ (-3,0)/ (3,0)/ (2,-4)/ (-3,0)/ (0,-5)/ (6,-3)/ (0,-3)/ (-4,0)/ (0,-2)/ (-4,0)/ (0,-4)/ (-3,0);2026-01-01 16:10:57;21.14
111;15.54;; (1,-3)/ (2,5)/ (-2,-5)/ (0,-3)/ (-3,-3)/ (-1,-3)/ (3,0)/ (1,0)/ (-2,0)/ (-4,-4)/ (3,0)/ (4,0);2026-01-01 16:11:31;15.54
112;15.03;; (-3,-1)/ (-2,1)/ (0,-3)/ (6,-3)/ (0,-3)/ (-4,0)/ (0,-3)/ (4,-1)/ (4,0)/ (3,-4)/ (0,-4)/ (-3,0)/;2026-01-01 16:12:19;15.03
113;16.46;; (0,2)/ (1,1)/ (3,0)/ (3,0)/ (6,0)/ (0,-3)/ (-3,0)/ (-4,0)/ (-3,-3)/ (6,-5)/ (4,0)/ (4,0)/ (0,-2);2026-01-01 16:12:50;16.46
114;13.65;; (0,2)/ (-3,3)/ (-5,4)/ (-3,0)/ (3,0)/ (-3,0)/ (0,-1)/ (3,0)/ (-4,-5)/ (-3,-2)/ (3,0)/ (1,0)/ (6,-2)/;2026-01-01 16:13:22;13.65
115;12.87;; (0,-4)/ (1,4)/ (0,-3)/ (2,-1)/ (-3,0)/ (0,-3)/ (-2,0)/ (-3,-3)/ (0,-3)/ (-1,-1)/ (2,0)/ (-4,-4);2026-01-01 16:13:49;12.87
116;15.49;; (4,0)/ (5,2)/ (0,3)/ (4,-2)/ (-3,0)/ (-1,-1)/ (0,-5)/ (-3,-3)/ (2,0)/ (-5,0)/ (4,0)/ (-5,0)/ (-2,0)/ (-4,0);2026-01-01 16:14:20;15.49
117;14.07;; (0,-1)/ (1,-2)/ (2,5)/ (-2,-5)/ (6,-3)/ (3,-4)/ (-3,-3)/ (3,0)/ (4,0)/ (-4,0)/ (2,0);2026-01-01 16:14:52;14.07
118;13.72;; (-2,0)/ (5,-1)/ (-5,-2)/ (-4,-1)/ (4,-2)/ (-1,-3)/ (3,0)/ (1,0)/ (-2,0)/ (0,-1)/ (2,0)/ (-4,0)/ (4,0)/;2026-01-01 16:15:20;13.72
119;14.76;; (0,-1)/ (1,4)/ (-3,0)/ (3,0)/ (-4,-1)/ (-5,-2)/ (-1,0)/ (-3,0)/ (0,-1)/ (-4,-2)/ (-4,0)/ (-2,-4)/ (-5,0);2026-01-01 16:15:47;14.76
120;14.03;; (4,-3)/ (-3,6)/ (2,-1)/ (0,-3)/ (4,-5)/ (0,-4)/ (-3,0)/ (-1,0)/ (-4,0)/ (-5,0)/ (0,-2)/ (-1,-4)/ (-2,0)/;2026-01-01 16:16:21;14.03
121;16.32;; (-2,0)/ (-3,0)/ (0,3)/ (3,-3)/ (-4,-4)/ (0,-3)/ (4,-3)/ (3,0)/ (3,-3)/ (-5,-4)/ (-4,0)/ (4,-5)/ (-4,0);2026-01-01 16:16:53;16.32
122;18.58;; (1,0)/ (0,6)/ (-4,5)/ (-3,0)/ (-2,-2)/ (-3,0)/ (0,-1)/ (0,-3)/ (3,0)/ (4,-4)/ (-4,0)/ (-2,-5)/ (0,-2)/ (-4,0);2026-01-01 16:17:29;18.58
123;12.67;; (-3,-1)/ (6,-3)/ (0,-3)/ (-5,-5)/ (3,0)/ (-3,-4)/ (-3,0)/ (-1,0)/ (-4,-5)/ (-1,0)/ (-4,-3)/ (2,0)/;2026-01-01 16:18:02;12.67
124;15.72;; (0,-1)/ (0,3)/ (-3,-3)/ (4,-5)/ (-1,-1)/ (6,0)/ (-2,0)/ (-3,0)/ (5,-2)/ (6,-4)/ (-1,-2)/ (-3,-2)/;2026-01-01 16:18:30;15.72
125;13.20;; (3,2)/ (3,0)/ (-2,4)/ (3,-3)/ (-3,0)/ (6,0)/ (0,-4)/ (6,-3)/ (0,-3)/ (-5,-1)/ (4,0)/ (3,0)/;2026-01-01 16:19:00;13.20
126;14.96;; (-2,0)/ (-3,0)/ (5,5)/ (0,-3)/ (3,0)/ (-3,0)/ (0,-3)/ (0,-2)/ (-3,-3)/ (0,-3)/ (4,0)/ (4,0)/ (0,-2)/ (-2,0);2026-01-01 16:19:27;14.96
127;15.68;; (0,-1)/ (0,-3)/ (3,0)/ (0,-3)/ (1,-2)/ (-4,-4)/ (-5,0)/ (-3,0)/ (0,-3)/ (0,-3)/ (-5,0)/ (-1,-2)/ (0,-5);2026-01-01 16:19:57;15.68
128;11.71;; (-3,-1)/ (3,6)/ (4,-2)/ (-3,0)/ (0,-3)/ (0,-1)/ (0,-3)/ (0,-3)/ (-3,-1)/ (1,0)/ (4,0);2026-01-01 16:20:24;11.71
129;13.84;; (0,5)/ (-5,-2)/ (0,-3)/ (0,-3)/ (-4,-1)/ (4,-5)/ (0,-4)/ (-3,-3)/ (-5,0)/ (4,-2)/ (6,-4)/ (6,-1)/;2026-01-01 16:20:52;13.84
130;11.45;; (-5,0)/ (-3,0)/ (2,5)/ (-2,-2)/ (-1,-4)/ (-3,-2)/ (0,-3)/ (4,0)/ (2,-1)/ (0,-2)/;2026-01-01 16:21:20;11.45
131;13.22;; (0,5)/ (-3,0)/ (4,-5)/ (-4,-4)/ (0,-3)/ (3,-3)/ (0,-2)/ (0,-3)/ (-2,0)/ (5,0)/ (-2,-5)/ (-1,0)/ (-2,0)/;2026-01-01 16:21:47;13.22
132;11.59;; (-2,0)/ (5,2)/ (-5,1)/ (2,-1)/ (6,-3)/ (-5,-3)/ (-3,-3)/ (-3,-2)/ (4,0)/ (-2,-1)/ (-4,-1);2026-01-01 16:22:20;11.59
133;18.76;; (-5,0)/ (-4,5)/ (-5,4)/ (-4,-1)/ (3,0)/ (0,-2)/ (0,-3)/ (0,-1)/ (0,-4)/ (0,-2)/ (-3,0)/ (-2,0)/ (-1,0)/ (0,-4);2026-01-01 16:22:49;18.76
134;12.79;; (0,-4)/ (3,0)/ (1,-5)/ (2,-1)/ (4,-5)/ (-3,0)/ (-1,0)/ (-3,-3)/ (0,-1)/ (0,-4)/ (4,0)/ (6,-1);2026-01-01 16:23:21;12.79
135;18.71;; (0,5)/ (4,1)/ (3,0)/ (3,0)/ (0,-3)/ (0,-3)/ (6,0)/ (-4,0)/ (3,0)/ (3,0)/ (4,0)/ (-2,0)/ (-4,-3)/ (3,-4);2026-01-01 16:23:54;18.71
136;19.80;; (0,-1)/ (6,-3)/ (-3,0)/ (1,-2)/ (5,-4)/ (3,-5)/ (0,-3)/ (3,0)/ (5,0)/ (4,0)/ (2,0)/ (-1,0);2026-01-01 16:24:26;19.80
137;13.37;; (0,-4)/ (-5,-2)/ (-4,-1)/ (-3,-3)/ (3,0)/ (4,0)/ (0,-3)/ (-1,-2)/ (3,-2)/ (1,0)/ (0,-4)/ (-1,-2);2026-01-01 16:25:19;13.37
138;17.06;; (0,5)/ (0,-3)/ (1,4)/ (-3,-3)/ (5,-1)/ (-3,0)/ (-5,0)/ (3,-3)/ (0,-3)/ (0,-1)/ (-4,-5)/ (2,-4)/ (-2,0);2026-01-01 16:25:55;17.06
139;14.87;; (1,3)/ (-4,2)/ (3,0)/ (1,-2)/ (5,-4)/ (3,-5)/ (0,-3)/ (0,-1)/ (0,-4)/ (4,-2)/ (-4,-4)/ (1,0);2026-01-01 16:26:26;14.87
140;14.94;; (0,-4)/ (1,1)/ (0,3)/ (0,-3)/ (-4,-1)/ (1,-5)/ (0,-4)/ (6,-3)/ (1,0)/ (5,0)/ (-2,-2)/ (0,-4);2026-01-01 16:26:55;14.94
141;34.99;; (0,5)/ (1,4)/ (-4,-4)/ (-3,0)/ (6,-3)/ (-2,-3)/ (3,0)/ (6,-5)/ (0,-2)/ (5,0)/ (0,-2)/ (-1,0)/ (-3,-2);2026-01-01 16:27:25;34.99
142;16.68;; (-2,0)/ (-3,6)/ (5,5)/ (3,0)/ (0,-3)/ (3,-3)/ (-5,0)/ (3,0)/ (0,-3)/ (0,-4)/ (-4,-2)/ (-4,-4)/;2026-01-01 16:28:16;16.68
143;30.43;; (-3,2)/ (3,0)/ (-2,-5)/ (-4,-1)/ (-5,-5)/ (-4,0)/ (-3,0)/ (0,-1)/ (-4,0)/ (0,-5)/ (-4,-5)/ (6,0)/ (-2,0)/;2026-01-01 16:28:51;30.43
144;16.19;; (3,2)/ (-2,1)/ (-4,-1)/ (-5,-2)/ (5,0)/ (-3,-3)/ (0,-1)/ (0,-4)/ (-4,-5)/ (-2,0)/ (1,0)/ (-3,0)/ (6,0);2026-01-01 16:29:35;16.19
145;17.38;; (-2,0)/ (3,0)/ (0,3)/ (-3,0)/ (3,0)/ (3,-3)/ (-1,0)/ (-3,0)/ (-3,-1)/ (0,-2)/ (0,-4)/ (-5,0)/ (0,-2)/ (-2,0);2026-01-01 16:30:05;17.38
146;14.65;; (4,0)/ (-1,-1)/ (0,-3)/ (4,-5)/ (0,-3)/ (-4,-4)/ (0,-5)/ (3,0)/ (3,0)/ (2,-3)/ (2,0)/ (4,-5)/ (2,0)/;2026-01-01 16:30:36;14.65
147;12.41;; (0,2)/ (4,-2)/ (5,-4)/ (4,-2)/ (0,-3)/ (6,-1)/ (0,-3)/ (-1,0)/ (1,-4)/ (-4,-4)/ (0,-3);2026-01-01 16:31:07;12.41
148;15.98;; (-2,0)/ (-3,0)/ (-4,-1)/ (-3,0)/ (4,-2)/ (5,-1)/ (0,-5)/ (-3,-3)/ (0,-1)/ (-2,0)/ (0,-4)/ (4,0)/ (2,0);2026-01-01 16:31:30;15.98
149;14.43;; (0,2)/ (-5,4)/ (-3,6)/ (2,-4)/ (3,0)/ (4,-3)/ (-3,0)/ (3,0)/ (2,-2)/ (0,-4)/ (3,-2)/ (0,-4);2026-01-01 16:31:59;14.43
150;10.82;; (4,0)/ (5,-1)/ (3,0)/ (-3,0)/ (4,-5)/ (2,-1)/ (-2,0)/ (-3,-3)/ (5,0)/ (2,-4)/ (6,-2)/ (0,-2)/ (-4,0);2026-01-01 16:32:29;10.82
151;14.98;; (-5,3)/ (3,6)/ (3,0)/ (-1,-1)/ (-3,0)/ (3,0)/ (4,0)/ (3,0)/ (3,0)/ (-1,0)/ (2,0)/ (-4,-5)/ (2,-1);2026-01-01 16:32:51;14.98
152;8.26;CSP; (-5,0)/ (0,-3)/ (-4,5)/ (0,-3)/ (0,-3)/ (3,0)/ (0,-3)/ (-5,0)/ (-3,-3)/ (0,-3)/ (-3,-3)/ (-2,-3);2026-01-01 16:33:35;8.26
153;14.32;; (-2,0)/ (3,6)/ (2,5)/ (3,0)/ (1,-5)/ (0,-3)/ (0,-4)/ (0,-3)/ (0,-2)/ (5,0)/ (-5,-2)/;2026-01-01 16:34:10;14.32
154;16.82;; (-2,0)/ (-3,0)/ (6,-3)/ (2,-4)/ (4,-2)/ (0,-1)/ (-3,0)/ (-1,0)/ (2,0)/ (0,-2)/ (6,-3);2026-01-01 16:35:04;16.82
155;19.30;; (-5,0)/ (3,3)/ (-1,2)/ (0,-3)/ (3,0)/ (3,-5)/ (-3,-3)/ (6,-1)/ (4,0)/ (-4,-2)/ (-4,0);2026-01-01 16:35:35;19.30
156;12.76;; (0,2)/ (4,-2)/ (0,-3)/ (3,-3)/ (2,-1)/ (4,0)/ (-3,0)/ (5,-2)/ (-2,0)/ (1,0)/ (0,-3)/ (-4,-4);2026-01-01 16:36:08;12.76
157;16.28;CSP; (1,3)/ (-1,-4)/ (0,-3)/ (3,0)/ (1,-5)/ (5,-3)/ (0,-3)/ (-2,0)/ (3,-1)/ (3,-4)/ (2,0)/ (0,-2)/ (-2,0);2026-01-01 16:37:09;16.28
158;13.32;; (3,-4)/ (-3,3)/ (-2,-5)/ (0,-3)/ (-3,-3)/ (-3,-1)/ (0,-3)/ (-1,-2)/ (3,-2)/ (6,0)/ (-4,0)/ (-5,0)/;2026-01-01 16:37:59;13.32
159;15.79;; (-5,0)/ (2,-1)/ (4,-5)/ (3,0)/ (-1,-3)/ (-3,0)/ (-3,-1)/ (-5,0)/ (1,-2)/ (4,-4)/ (-5,-2)/;2026-01-01 16:38:30;15.79
160;16.88;; (-2,0)/ (3,-3)/ (6,3)/ (3,0)/ (5,-1)/ (1,0)/ (0,-3)/ (-3,0)/ (3,-4)/ (2,0)/ (0,-2)/ (4,0)/ (-5,0);2026-01-01 16:39:02;16.88
161;12.29;; (1,3)/ (2,-4)/ (-5,-5)/ (-3,0)/ (2,-4)/ (-3,-2)/ (-3,0)/ (6,0)/ (0,-4)/ (-2,0)/;2026-01-01 16:39:30;12.29
162;15.28;; (0,5)/ (4,-2)/ (0,-3)/ (0,-3)/ (6,0)/ (6,-3)/ (-1,0)/ (3,0)/ (3,0)/ (4,0)/ (-2,0)/ (-2,-1)/ (6,0);2026-01-01 16:39:56;15.28
163;12.88;; (0,-1)/ (4,1)/ (0,3)/ (-3,0)/ (-3,0)/ (6,0)/ (-3,-4)/ (-3,0)/ (-1,0)/ (0,-2)/ (2,-3)/ (0,-5)/ (-2,0)/ (0,-2)/;2026-01-01 16:40:27;12.88
164;15.96;; (4,3)/ (-4,2)/ (1,-2)/ (-1,-1)/ (3,0)/ (1,-3)/ (3,0)/ (-3,0)/ (5,-3)/ (0,-2)/ (2,0)/ (-2,0);2026-01-01 16:40:52;15.96
165;17.36;; (4,6)/ (-4,-1)/ (-3,0)/ (-5,-2)/ (0,-1)/ (-3,0)/ (-1,0)/ (2,-5)/ (2,-1)/ (-4,-5)/ (3,0)/ (0,-3);2026-01-01 16:41:22;17.36
166;17.92;; (0,-4)/ (1,-5)/ (-3,0)/ (-1,-4)/ (3,0)/ (3,-2)/ (-3,0)/ (4,-1)/ (-4,0)/ (4,0)/ (0,-5)/ (-4,-5)/;2026-01-01 16:41:53;17.92
167;23.51;; (-5,0)/ (2,5)/ (1,4)/ (-1,-4)/ (4,-2)/ (2,0)/ (0,-3)/ (-2,-1)/ (0,-2)/ (2,0)/ (-5,0)/;2026-01-01 16:42:26;23.51
168;13.41;; (0,-1)/ (1,-2)/ (3,0)/ (-1,-1)/ (4,-2)/ (-3,-4)/ (-3,-3)/ (1,0)/ (-2,0)/ (-2,0)/ (-5,-2);2026-01-01 16:43:04;13.41
169;17.48;; (-5,0)/ (3,0)/ (-1,-1)/ (0,-3)/ (-3,0)/ (-3,-3)/ (-5,0)/ (-3,-3)/ (1,0)/ (-4,0)/ (4,0)/ (-4,-3)/ (4,0);2026-01-01 16:43:30;17.48
170;13.10;; (-2,0)/ (-1,-4)/ (0,-3)/ (3,0)/ (-5,-5)/ (3,0)/ (-3,-1)/ (-3,-3)/ (3,0)/ (-2,-4)/ (0,-2)/ (4,-5)/ (1,0);2026-01-01 16:44:07;13.10
171;14.85;; (0,5)/ (-5,-2)/ (-1,-1)/ (3,0)/ (0,-3)/ (-3,-5)/ (-3,0)/ (0,-3)/ (4,0)/ (4,-1)/ (-5,0)/ (-2,0)/ (4,0);2026-01-01 16:44:35;14.85
172;16.32;; (-5,0)/ (-3,6)/ (-3,0)/ (-4,-1)/ (6,0)/ (-3,-3)/ (-5,0)/ (-3,0)/ (-1,0)/ (0,-2)/ (0,-4)/ (0,-4)/ (4,0)/ (6,0);2026-01-01 16:45:07;16.32
173;11.46;; (0,-1)/ (1,4)/ (5,5)/ (3,0)/ (4,-2)/ (0,-3)/ (-4,0)/ (3,0)/ (3,-3)/ (2,-5)/ (-2,-3);2026-01-01 16:45:35;11.46
174;16.31;; (-2,0)/ (5,-4)/ (4,-5)/ (2,-1)/ (-3,0)/ (6,0)/ (0,-5)/ (-3,-3)/ (0,-1)/ (0,-4)/ (-2,-4)/ (4,0)/ (2,0)/;2026-01-01 16:46:00;16.31
175;12.96;; (3,5)/ (0,-3)/ (0,3)/ (-5,-2)/ (3,0)/ (-3,0)/ (3,-1)/ (-3,0)/ (5,-2)/ (4,0)/ (4,-1)/ (4,0)/ (4,0)/;2026-01-01 16:48:10;12.96
176;11.79;; (0,5)/ (6,0)/ (-5,-2)/ (-3,0)/ (-1,-4)/ (3,0)/ (1,-3)/ (-3,-3)/ (5,0)/ (2,0)/ (-2,0)/ (-2,0)/ (-2,0);2026-01-01 16:48:37;11.79
177;18.99;; (-2,0)/ (-3,0)/ (3,3)/ (-1,-1)/ (0,-3)/ (3,0)/ (6,-5)/ (-3,0)/ (0,-1)/ (-2,0)/ (-2,0)/ (2,-5)/ (0,-4)/;2026-01-01 16:49:07;18.99
178;22.52;; (1,0)/ (5,2)/ (-5,4)/ (-3,0)/ (3,0)/ (6,0)/ (-1,0)/ (-3,0)/ (-2,0)/ (5,0)/ (-4,0)/ (-5,0)/ (-4,0)/ (-2,-3);2026-01-01 16:49:39;22.52
179;14.75;; (-5,0)/ (-1,2)/ (1,4)/ (-1,-1)/ (3,0)/ (-5,0)/ (-3,-3)/ (-3,0)/ (6,-4)/ (4,-4)/ (-4,-1);2026-01-01 16:50:15;14.75
180;22.79;; (-2,0)/ (3,-3)/ (5,-4)/ (0,-3)/ (6,0)/ (-3,0)/ (0,-2)/ (0,-3)/ (4,-1)/ (0,-4)/ (-4,-5)/ (-4,0)/ (-2,0);2026-01-01 16:50:47;22.79
181;9.45;; (0,5)/ (-3,-3)/ (-5,-2)/ (3,0)/ (-3,0)/ (-3,-3)/ (5,0)/ (3,0)/ (-3,0)/ (-3,-4)/ (1,0)/ (0,-4)/ (-4,-3)/;2026-01-01 16:51:23;9.45
182;12.13;; (-5,0)/ (-3,3)/ (2,2)/ (3,0)/ (-2,-5)/ (0,-3)/ (2,0)/ (-3,0)/ (-2,-1)/ (4,0)/ (-3,0)/ (0,-3)/ (4,-2);2026-01-01 16:51:46;12.13
183;16.70;; (-2,0)/ (-4,2)/ (-5,4)/ (-3,-3)/ (-1,-4)/ (4,-3)/ (0,-3)/ (3,0)/ (-2,-4)/ (-2,-3)/ (0,-2)/ (4,0)/;2026-01-01 16:52:15;16.70
184;14.88;; (-3,5)/ (1,-2)/ (3,0)/ (-1,-1)/ (3,0)/ (6,0)/ (-2,0)/ (0,-3)/ (0,-2)/ (-4,0)/ (0,-2)/ (3,0)/ (0,-4)/;2026-01-01 16:52:44;14.88
185;11.78;; (-5,0)/ (-4,2)/ (-2,-5)/ (0,-3)/ (3,0)/ (5,-1)/ (0,-5)/ (0,-3)/ (-2,-1)/ (3,-4)/ (0,-1)/;2026-01-01 16:53:13;11.78
186;16.92;; (-3,5)/ (-2,4)/ (3,0)/ (-3,-3)/ (-4,-1)/ (4,0)/ (-3,0)/ (0,-3)/ (1,-3)/ (5,-2)/ (4,0)/;2026-01-01 16:53:40;16.92
187;15.89;; (4,0)/ (2,-1)/ (0,3)/ (3,0)/ (-3,-3)/ (-2,-5)/ (2,0)/ (0,-3)/ (-2,-1)/ (-3,0)/ (-1,-4)/ (-2,-1);2026-01-01 16:54:15;15.89
188;14.48;; (0,2)/ (-2,-5)/ (0,3)/ (0,-3)/ (-4,-1)/ (1,-5)/ (2,0)/ (3,0)/ (3,0)/ (-4,0)/ (4,-4)/ (3,0)/ (-3,-4)/;2026-01-01 16:54:47;14.48
189;10.70;; (3,-1)/ (4,-5)/ (-4,-1)/ (1,-2)/ (0,-3)/ (0,-4)/ (-3,-3)/ (-1,-2)/ (6,-4)/ (6,-4)/ (-1,0);2026-01-01 16:55:15;10.70
190;14.32;; (0,-4)/ (3,0)/ (4,4)/ (-3,0)/ (3,-3)/ (5,-4)/ (0,-5)/ (-3,-3)/ (3,0)/ (5,-3)/ (-2,0)/ (-4,0)/ (4,0);2026-01-01 16:55:43;14.32
191;16.91;; (1,0)/ (2,-1)/ (4,4)/ (-3,0)/ (0,-3)/ (2,-4)/ (-2,0)/ (-3,0)/ (0,-3)/ (5,-3)/ (1,-4)/ (5,-2)/ (0,-4);2026-01-01 16:56:10;16.91
192;13.84;; (4,0)/ (6,-3)/ (2,-1)/ (0,-3)/ (3,0)/ (-2,-5)/ (0,-1)/ (0,-3)/ (5,-2)/ (-4,0)/ (3,-2)/ (-2,0)/ (6,-4);2026-01-01 16:56:42;13.84
193;15.97;; (4,0)/ (0,-3)/ (-4,2)/ (-3,0)/ (1,-5)/ (2,0)/ (-3,-3)/ (4,-1)/ (0,-4)/ (4,0)/ (1,-4)/;2026-01-01 16:57:09;15.97
194;16.00;; (-3,2)/ (0,3)/ (6,0)/ (-3,0)/ (-2,-2)/ (3,-3)/ (-1,0)/ (-3,-3)/ (0,-5)/ (-2,-2)/ (-1,0)/ (-4,0)/ (-1,-2);2026-01-01 16:57:39;16.00
195;12.19;; (1,0)/ (5,-1)/ (4,4)/ (0,-3)/ (-3,-3)/ (0,-1)/ (-3,-3)/ (1,0)/ (-2,0)/ (2,0)/ (-4,0)/ (-2,0);2026-01-01 16:58:10;12.19
196;14.81;; (0,5)/ (-2,1)/ (0,3)/ (0,-3)/ (-1,-4)/ (1,-2)/ (-4,0)/ (3,0)/ (1,0)/ (4,0)/ (2,0)/ (0,-3)/ (2,0)/ (0,-4);2026-01-01 16:58:34;14.81
197;12.94;; (-2,0)/ (2,2)/ (0,-3)/ (-5,-2)/ (-3,-3)/ (-3,0)/ (-1,0)/ (3,0)/ (3,0)/ (-2,0)/ (-2,0)/ (-4,0)/ (0,-4)/ (6,0);2026-01-01 16:59:09;12.94
198;18.96;; (1,0)/ (-4,5)/ (-3,0)/ (-5,-5)/ (-3,-3)/ (6,0)/ (0,-4)/ (0,-3)/ (0,-2)/ (5,0)/ (1,-2)/ (-1,0)/ (0,-2);2026-01-01 16:59:33;18.96
199;11.00;; (4,0)/ (2,-4)/ (4,1)/ (2,-1)/ (0,-3)/ (6,-5)/ (-3,-3)/ (-3,0)/ (1,0)/ (6,-1)/ (-1,0);2026-01-01 17:00:04;11.00
200;14.67;; (1,0)/ (0,-3)/ (5,2)/ (-3,0)/ (3,-3)/ (-5,0)/ (3,0)/ (-4,-5)/ (-3,-2)/ (2,0)/ (5,0);2026-01-01 17:00:30;14.67
201;19.68;; (4,-3)/ (-4,2)/ (3,-3)/ (-3,0)/ (4,-5)/ (2,0)/ (3,0)/ (-5,0)/ (-4,0)/ (-2,0)/ (-2,0)/ (-2,-3)/ (5,0);2026-01-01 17:06:36;19.68
202;17.37;FAIL; (4,0)/ (5,2)/ (-3,3)/ (3,0)/ (4,-5)/ (3,0)/ (0,-4)/ (0,-3)/ (0,-3)/ (-3,0)/ (3,0)/ (-2,0);2026-01-01 17:07:39;17.37
203;18.50;; (4,0)/ (-1,-1)/ (3,0)/ (4,-5)/ (5,-1)/ (-3,0)/ (-5,0)/ (3,0)/ (3,0)/ (5,-3)/ (6,-4)/ (0,-2);2026-01-01 17:08:26;18.50
204;18.23;; (0,-4)/ (-5,-5)/ (-1,2)/ (-5,-5)/ (6,0)/ (-3,-4)/ (0,-3)/ (-1,0)/ (-2,-4)/ (2,0)/ (0,-2)/ (5,0)/ (-3,0);2026-01-01 17:08:59;18.23
205;13.96;; (0,2)/ (-2,4)/ (0,3)/ (-3,0)/ (-1,-1)/ (-2,-5)/ (-1,0)/ (0,-3)/ (4,0)/ (-4,0)/ (3,-3)/;2026-01-01 17:09:34;13.96
206;14.91;CSP; (4,0)/ (3,-3)/ (-4,5)/ (3,0)/ (3,0)/ (-5,-5)/ (0,-1)/ (0,-3)/ (-1,-2)/ (6,-4)/ (-4,0)/ (6,-2)/ (6,0);2026-01-01 17:10:34;14.91
207;16.06;CSP; (0,5)/ (6,0)/ (3,0)/ (-2,-2)/ (0,-3)/ (0,-3)/ (3,0)/ (-1,0)/ (6,-3)/ (6,-5)/ (4,0)/ (0,-1)/ (2,0)/ (-1,-5);2026-01-01 17:11:43;16.06
208;13.10;; (0,-1)/ (-5,1)/ (2,-4)/ (-5,-5)/ (-3,0)/ (-4,-3)/ (-3,-3)/ (0,-1)/ (-4,-2)/ (-2,0);2026-01-01 17:12:17;13.10
209;20.04;; (1,0)/ (0,6)/ (-3,3)/ (0,-3)/ (-4,-1)/ (3,0)/ (4,0)/ (-3,0)/ (3,0)/ (-4,-2)/ (0,-3)/ (-4,0)/ (-2,0)/ (-4,0);2026-01-01 17:12:43;20.04
210;21.62;; (4,0)/ (5,2)/ (4,-2)/ (-4,-1)/ (6,-3)/ (-3,-2)/ (3,0)/ (6,-4)/ (4,0)/ (6,-4)/ (6,0);2026-01-01 17:17:59;21.62
211;13.67;; (-5,0)/ (-4,5)/ (3,3)/ (3,0)/ (-5,-5)/ (0,-3)/ (5,0)/ (0,-3)/ (6,-1)/ (-3,0)/ (-5,0)/ (3,0)/ (-2,0);2026-01-01 17:18:34;13.67
212;10.39;; (-2,0)/ (0,-3)/ (-4,-4)/ (1,-5)/ (-4,-1)/ (6,0)/ (-5,0)/ (-3,0)/ (3,-3)/ (-1,-2)/ (-2,0)/ (-4,0)/ (4,0)/;2026-01-01 17:19:06;10.39
213;DNF(10.59);; (-3,2)/ (-2,1)/ (3,-3)/ (-4,-3)/ (-3,-3)/ (-2,0)/ (5,0)/ (2,0);2026-01-01 17:19:36;10.59
214;16.60;; (1,0)/ (-3,6)/ (5,5)/ (3,0)/ (3,0)/ (0,-3)/ (1,0)/ (-3,0)/ (-1,-3)/ (0,-2)/ (2,-3)/ (-4,-3);2026-01-01 17:20:07;16.60
215;16.94;; (0,-1)/ (0,-3)/ (1,-5)/ (0,-3)/ (-3,0)/ (2,-4)/ (-3,-5)/ (-3,0)/ (-2,-1)/ (4,0)/ (-3,0)/ (2,-5)/ (6,0);2026-01-01 17:20:39;16.94
216;14.08;; (0,5)/ (0,-3)/ (3,0)/ (-2,-2)/ (3,0)/ (-1,-4)/ (-3,-5)/ (-3,-3)/ (0,-1)/ (0,-4)/ (2,-5)/ (-5,0)/ (4,0);2026-01-01 17:21:10;14.08
217;13.13;; (-5,0)/ (0,3)/ (0,3)/ (0,-3)/ (-1,-1)/ (3,0)/ (-3,0)/ (4,0)/ (-3,-3)/ (-3,0)/ (4,-4)/ (0,-2)/ (2,-5);2026-01-01 17:21:36;13.13
218;15.92;; (0,-4)/ (6,3)/ (3,0)/ (-3,0)/ (1,-5)/ (3,0)/ (-4,-3)/ (-3,0)/ (-3,-1)/ (6,-2)/ (-4,0)/ (5,0)/;2026-01-01 17:22:02;15.92
219;14.09;; (0,2)/ (3,0)/ (-5,-2)/ (0,-3)/ (-3,0)/ (-1,-4)/ (-2,-3)/ (-3,-3)/ (-5,0)/ (4,-2)/ (-4,-2)/ (-2,0)/;2026-01-01 17:23:11;14.09
220;10.25;; (0,-4)/ (3,0)/ (3,3)/ (-5,-5)/ (-3,0)/ (3,-3)/ (2,0)/ (-3,-3)/ (3,-1)/;2026-01-01 17:23:37;10.25
221;12.70;; (0,5)/ (1,4)/ (2,2)/ (0,-3)/ (-2,-5)/ (-4,-3)/ (-3,0)/ (-2,0)/ (0,-4)/ (4,0)/ (3,-2)/ (0,-3)/;2026-01-01 17:24:02;12.70
222;17.67;; (3,-4)/ (0,3)/ (-3,-3)/ (-3,0)/ (1,-2)/ (3,-4)/ (0,-3)/ (3,0)/ (-3,0)/ (-1,-2)/ (2,0)/ (-2,-1)/ (-2,0);2026-01-01 17:24:30;17.67
223;18.11;; (0,-1)/ (4,-5)/ (5,-4)/ (6,0)/ (0,-3)/ (-3,-2)/ (0,-3)/ (-3,-1)/ (4,0)/ (5,-4)/ (-2,-3)/ (2,0);2026-01-01 17:25:06;18.11
224;16.76;; (0,-4)/ (0,-3)/ (6,0)/ (4,-5)/ (-4,-4)/ (-3,0)/ (1,0)/ (0,-3)/ (5,-2)/ (-4,0)/ (6,-2)/ (-5,0)/;2026-01-01 17:25:46;16.76
225;18.34;; (-5,0)/ (5,5)/ (0,3)/ (6,0)/ (-2,-2)/ (-1,0)/ (0,-3)/ (-2,-3)/ (0,-2)/ (2,-1)/ (1,-4)/ (-3,-4)/ (3,0);2026-01-01 17:31:19;18.34
226;15.73;; (-5,0)/ (0,3)/ (-4,2)/ (-5,-2)/ (3,0)/ (-4,-4)/ (0,-2)/ (-3,-3)/ (2,-5)/ (2,0)/ (-2,0)/ (-2,0);2026-01-01 17:31:57;15.73
227;15.71;; (4,0)/ (2,5)/ (0,-3)/ (4,-5)/ (-4,-1)/ (-5,-3)/ (6,-3)/ (-5,-4)/ (-4,-3)/ (0,-2)/ (4,0)/ (0,-2);2026-01-01 17:32:25;15.71
228;18.81;; (-5,0)/ (-3,3)/ (3,0)/ (-3,0)/ (2,-4)/ (3,0)/ (-2,0)/ (0,-3)/ (5,-2)/ (-4,0)/ (0,-4)/ (-2,0)/ (0,-4)/ (-1,0);2026-01-01 17:32:56;18.81
229;14.98;; (-3,5)/ (-3,0)/ (-2,1)/ (0,-3)/ (-3,0)/ (-1,-4)/ (0,-5)/ (0,-3)/ (-3,0)/ (-3,-1)/ (6,-5)/ (0,-2)/;2026-01-01 17:33:28;14.98
230;9.84;; (1,0)/ (3,3)/ (-4,5)/ (3,0)/ (-3,0)/ (-2,-2)/ (2,0)/ (6,-3)/ (0,-5)/ (6,-4)/ (6,-4)/ (-2,0);2026-01-01 17:33:57;9.84
231;10.60;; (-2,0)/ (0,-3)/ (3,0)/ (-1,-1)/ (-3,0)/ (-3,-3)/ (-5,0)/ (0,-3)/ (-3,0)/ (3,0)/ (-4,0)/ (1,0)/;2026-01-01 17:34:24;10.60
232;12.66;; (4,-3)/ (-1,-4)/ (-3,0)/ (0,-3)/ (-3,-3)/ (-3,-2)/ (-3,0)/ (-2,0)/ (5,0)/ (-4,0)/ (5,0)/ (2,0)/ (-4,-1)/;2026-01-01 17:34:50;12.66
233;17.04;; (0,5)/ (4,-5)/ (3,0)/ (-3,0)/ (-4,-4)/ (4,-2)/ (0,-4)/ (3,0)/ (3,-5)/ (-1,0)/ (-4,0)/ (-5,-2)/ (6,-2);2026-01-01 17:35:19;17.04
234;20.29;; (0,5)/ (0,-3)/ (6,0)/ (-2,-2)/ (3,0)/ (-3,0)/ (6,-4)/ (0,-3)/ (0,-3)/ (0,-1)/ (-4,0)/ (-2,-5)/ (0,-3);2026-01-01 17:35:52;20.29
235;16.55;; (-3,2)/ (1,-2)/ (2,-4)/ (1,-2)/ (-4,-4)/ (4,0)/ (3,0)/ (0,-5)/ (3,-1)/ (-3,0);2026-01-01 17:36:27;16.55
236;16.34;; (3,2)/ (3,0)/ (0,3)/ (-2,-2)/ (6,-3)/ (0,-1)/ (3,0)/ (2,-5)/ (2,-2)/ (2,0)/ (-1,0)/ (0,-2)/ (6,-5);2026-01-01 17:37:02;16.34
237;14.33;; (4,-3)/ (0,3)/ (-1,2)/ (3,0)/ (4,-5)/ (-3,0)/ (0,-4)/ (-3,0)/ (0,-3)/ (-5,0)/ (2,-2)/ (2,-3)/;2026-01-01 17:37:33;14.33
238;16.76;; (1,0)/ (2,-1)/ (-3,6)/ (-3,-3)/ (-3,0)/ (1,0)/ (-3,0)/ (-1,-2)/ (2,-3)/ (4,-3)/ (-4,0)/;2026-01-01 17:38:02;16.76
239;15.16;; (-5,0)/ (-4,5)/ (-5,4)/ (6,-3)/ (0,-3)/ (-3,0)/ (5,0)/ (3,0)/ (-3,-4)/ (-5,0)/ (-3,0)/ (-1,-4);2026-01-01 17:38:32;15.16
240;17.48;; (4,0)/ (-3,-3)/ (-3,0)/ (5,-4)/ (-5,-2)/ (0,-3)/ (2,0)/ (0,-3)/ (4,-1)/ (4,0)/ (3,0)/ (0,-2)/ (0,-2);2026-01-01 18:19:16;17.48
241;15.52;; (0,5)/ (-5,-2)/ (3,0)/ (3,0)/ (6,-3)/ (-4,-4)/ (1,0)/ (-3,0)/ (3,0)/ (-4,0)/ (-4,-2)/ (0,-4)/ (6,-4);2026-01-01 18:19:47;15.52
242;13.79;; (-5,-3)/ (3,-3)/ (-1,-1)/ (3,0)/ (-2,-2)/ (5,0)/ (0,-3)/ (4,-1)/ (4,0)/ (5,-2)/ (6,-4)/ (6,0);2026-01-01 18:20:18;13.79
243;13.38;; (0,-1)/ (-3,-3)/ (0,-3)/ (-2,-5)/ (2,-1)/ (3,-5)/ (3,0)/ (0,-3)/ (5,0)/ (-5,0)/ (6,0);2026-01-01 18:20:45;13.38
244;11.47;CSP; (-3,2)/ (-2,1)/ (-3,0)/ (0,-3)/ (5,-1)/ (1,0)/ (3,0)/ (0,-3)/ (-2,-4)/ (-2,0)/ (6,-5)/;2026-01-01 18:21:48;11.47
245;13.13;; (1,0)/ (0,-3)/ (2,2)/ (3,0)/ (4,-2)/ (3,0)/ (5,-3)/ (-3,0)/ (4,0)/ (6,-1)/ (5,0)/ (2,0)/ (0,-3);2026-01-01 18:22:29;13.13
246;15.50;; (0,5)/ (-2,-2)/ (-1,-1)/ (-3,0)/ (1,-2)/ (-3,0)/ (-4,0)/ (6,-3)/ (2,-5)/ (0,-4)/ (6,-2)/ (4,-2);2026-01-01 18:22:59;15.50
247;11.68;; (4,0)/ (3,0)/ (-1,-1)/ (3,0)/ (1,-5)/ (-4,-3)/ (0,-3)/ (3,-1)/ (-3,0)/ (0,-4)/;2026-01-01 18:23:25;11.68
248;14.32;; (0,-1)/ (-5,-5)/ (-3,0)/ (6,0)/ (-1,-4)/ (-2,-5)/ (0,-4)/ (3,0)/ (0,-3)/ (0,-4)/ (-4,0)/ (0,-2)/ (6,0);2026-01-01 18:23:49;14.32
249;16.22;; (0,2)/ (3,-3)/ (4,4)/ (0,-3)/ (6,-3)/ (-3,0)/ (0,-4)/ (-3,-3)/ (3,0)/ (4,0)/ (-2,0)/ (0,-2)/ (-4,0)/;2026-01-01 18:24:18;16.22
250;15.31;CSP; (0,5)/ (4,-5)/ (2,-1)/ (3,-3)/ (4,-3)/ (-3,0)/ (0,-3)/ (-5,-3)/ (0,-2)/ (4,0)/ (0,-2)/ (-5,0);2026-01-01 18:25:20;15.31
251;11.83;; (0,5)/ (-5,1)/ (0,3)/ (3,0)/ (-4,-4)/ (-5,-5)/ (2,0)/ (3,0)/ (-5,0)/ (2,0)/ (0,-4)/ (3,-4)/;2026-01-01 18:25:56;11.83
252;15.09;; (4,3)/ (-1,5)/ (1,-2)/ (-1,-1)/ (3,0)/ (0,-5)/ (-3,0)/ (0,-3)/ (4,-3)/ (2,0)/ (4,0)/ (4,-5)/;2026-01-01 18:26:23;15.09
253;14.29;; (-3,-1)/ (6,3)/ (-5,-2)/ (0,-3)/ (3,0)/ (-3,0)/ (0,-4)/ (0,-3)/ (-1,0)/ (-2,0)/ (2,0)/ (0,-4)/ (1,-4)/ (-2,0);2026-01-01 18:26:50;14.29
254;13.99;; (-3,-1)/ (4,1)/ (2,-1)/ (3,0)/ (1,-2)/ (-3,-1)/ (-3,-3)/ (-1,0)/ (0,-4)/ (2,-2);2026-01-01 18:27:15;13.99
255;12.99;; (0,-4)/ (-3,-3)/ (0,-3)/ (4,-5)/ (0,-3)/ (5,-4)/ (-5,0)/ (0,-3)/ (-3,0)/ (-3,-2)/ (0,-2)/ (-5,0)/ (-1,-2);2026-01-01 18:27:43;12.99
256;17.23;; (0,2)/ (-3,0)/ (4,1)/ (0,-3)/ (3,-3)/ (6,0)/ (5,-3)/ (-3,0)/ (-3,0)/ (-1,0)/ (-5,0)/ (2,0)/ (5,0)/ (6,0);2026-01-01 18:28:15;17.23
257;9.51;; (3,5)/ (3,0)/ (-2,-2)/ (-3,0)/ (3,-3)/ (0,-4)/ (3,0)/ (0,-3)/ (6,-3)/ (1,-4)/ (3,-2)/ (2,0);2026-01-01 18:28:44;9.51
258;14.63;; (-5,0)/ (0,6)/ (-3,0)/ (5,-4)/ (-3,0)/ (4,-2)/ (0,-4)/ (-3,-3)/ (0,-4)/ (-5,0)/ (5,-2)/ (0,-5)/ (-4,0)/;2026-01-01 18:29:13;14.63
259;13.49;; (-2,-3)/ (-3,0)/ (0,3)/ (5,-4)/ (0,-3)/ (0,-3)/ (0,-5)/ (3,0)/ (0,-3)/ (-1,0)/ (0,-5)/ (2,0)/ (6,0)/;2026-01-01 18:29:42;13.49
260;16.82;; (3,-4)/ (-5,4)/ (5,-1)/ (3,-2)/ (3,0)/ (1,-4)/ (-2,0)/ (0,-5)/ (0,-4)/ (-4,0)/ (0,-2)/ (-5,0);2026-01-01 18:30:10;16.82
261;14.67;; (1,0)/ (0,-3)/ (-1,2)/ (-3,0)/ (3,0)/ (4,-5)/ (5,-3)/ (-3,-3)/ (2,0)/ (-5,0)/ (-2,-3)/ (2,0)/;2026-01-01 18:30:41;14.67
262;20.76;; (0,2)/ (0,6)/ (-5,1)/ (0,-3)/ (0,-3)/ (-4,-1)/ (0,-5)/ (-3,-3)/ (4,-1)/ (0,-2)/ (0,-2)/ (-2,-4);2026-01-01 18:31:07;20.76
263;13.16;; (4,-3)/ (0,6)/ (3,0)/ (-1,-4)/ (1,-5)/ (-3,0)/ (2,0)/ (-3,0)/ (-2,0)/ (-1,0)/ (5,0)/ (0,-4)/ (4,0)/ (-4,0);2026-01-01 18:31:42;13.16
264;17.14;; (-2,0)/ (2,-4)/ (6,-3)/ (0,-3)/ (-2,-5)/ (0,-3)/ (-1,0)/ (0,-3)/ (-2,0)/ (2,0)/ (6,0)/ (-2,0)/ (-2,-5)/;2026-01-01 18:32:09;17.14
265;14.88;; (-2,0)/ (-1,-1)/ (3,0)/ (4,-5)/ (0,-4)/ (3,0)/ (-4,-5)/ (3,-2)/ (-3,-2)/ (-2,0)/ (-1,0);2026-01-01 18:32:51;14.88
266;13.53;; (-3,-4)/ (-3,0)/ (-5,-2)/ (0,-3)/ (3,0)/ (-3,0)/ (6,-1)/ (-3,-3)/ (-1,0)/ (-2,0)/ (6,-2);2026-01-01 18:33:19;13.53
267;15.87;; (-2,-3)/ (0,3)/ (-1,2)/ (-2,-2)/ (-3,0)/ (3,0)/ (-1,0)/ (-3,0)/ (0,-3)/ (-2,-3)/ (4,-1)/ (-5,-4)/;2026-01-01 18:33:48;15.87
268;12.37;; (4,0)/ (5,-4)/ (-3,3)/ (4,-5)/ (-3,0)/ (-3,-1)/ (0,-3)/ (0,-3)/ (0,-5)/ (5,-2)/ (-5,0)/ (-2,0)/ (-4,0);2026-01-01 18:34:18;12.37
269;11.69;; (-3,5)/ (1,-5)/ (3,0)/ (-1,-4)/ (1,-2)/ (3,-1)/ (3,0)/ (0,-5)/ (6,0)/ (-4,0)/ (0,-2)/ (-3,0)/ (0,-2);2026-01-01 18:34:45;11.69
270;16.52;; (1,3)/ (2,5)/ (6,-3)/ (-5,-2)/ (-3,0)/ (-3,-1)/ (3,0)/ (-4,-5)/ (0,-2)/ (-2,0)/ (-3,0)/ (-1,0);2026-01-01 18:35:13;16.52
271;11.70;; (-5,-3)/ (-4,-4)/ (3,0)/ (4,-5)/ (0,-3)/ (2,0)/ (-3,-3)/ (-2,-5)/ (0,-2)/ (4,0)/ (-2,-2);2026-01-01 18:35:41;11.70
272;19.65;; (4,-3)/ (0,3)/ (-3,0)/ (2,-4)/ (3,-3)/ (-3,0)/ (-2,0)/ (-3,-3)/ (3,-2)/ (0,-2)/ (0,-2)/ (-4,0)/;2026-01-01 18:36:12;19.65
273;15.35;; (-2,0)/ (6,-3)/ (-3,0)/ (-3,0)/ (-1,-4)/ (4,-5)/ (-4,0)/ (3,0)/ (6,-4)/ (3,0)/ (-5,0)/ (4,0)/;2026-01-01 18:36:47;15.35
274;14.64;; (4,0)/ (-1,-1)/ (4,4)/ (0,-3)/ (6,-3)/ (-3,0)/ (-4,0)/ (-3,0)/ (0,-1)/ (0,-5)/ (0,-4)/ (6,0)/ (-1,0)/ (-4,-2);2026-01-01 18:37:19;14.64
275;13.85;; (-2,3)/ (6,3)/ (5,-1)/ (1,-2)/ (0,-3)/ (5,-3)/ (-3,0)/ (0,-1)/ (0,-5)/ (6,-4)/ (-3,-4);2026-01-01 18:38:20;13.85
276;13.91;; (4,0)/ (0,-3)/ (3,0)/ (-4,-1)/ (-3,0)/ (-5,-2)/ (-4,-3)/ (3,0)/ (1,-4)/ (4,0)/ (-3,0)/ (-2,0)/ (-4,0);2026-01-01 18:38:51;13.91
277;15.90;; (-2,0)/ (3,0)/ (-3,0)/ (-3,-3)/ (-4,-4)/ (0,-3)/ (-5,0)/ (-3,0)/ (0,-2)/ (-1,0)/ (-4,0)/ (-3,0)/ (4,-4)/ (-2,-2);2026-01-01 18:39:25;15.90
278;14.71;; (0,-1)/ (-2,-5)/ (0,3)/ (-3,0)/ (2,-4)/ (-5,-2)/ (2,0)/ (3,0)/ (1,-4)/ (0,-4)/ (-2,-2)/ (6,0)/;2026-01-01 18:39:55;14.71
279;14.43;; (1,-3)/ (3,0)/ (-4,-1)/ (1,-2)/ (6,0)/ (-3,0)/ (0,-1)/ (-3,-3)/ (-3,0)/ (2,-3)/ (0,-5)/ (2,0)/ (6,-1);2026-01-01 18:40:24;14.43
280;13.35;; (4,0)/ (2,5)/ (1,-5)/ (-3,-3)/ (3,0)/ (3,0)/ (0,-4)/ (3,0)/ (-4,0)/ (0,-5)/ (3,-5)/ (0,-2)/ (6,0);2026-01-01 18:40:53;13.35
281;19.25;FAIL; (0,-1)/ (3,3)/ (0,-3)/ (3,0)/ (0,-3)/ (4,-5)/ (0,-1)/ (-3,0)/ (0,-2)/ (-1,0)/ (-4,0)/ (-5,0)/ (6,-4)/ (0,-2)/;2026-01-01 18:41:36;19.25
282;15.03;; (-5,0)/ (5,2)/ (3,0)/ (3,0)/ (-2,-5)/ (2,-4)/ (1,0)/ (-3,-3)/ (-5,0)/ (4,0)/ (0,-2)/ (0,-1)/ (-1,0)/;2026-01-01 18:42:17;15.03
283;16.50;; (-5,0)/ (5,2)/ (-2,4)/ (2,-1)/ (3,0)/ (-3,0)/ (0,-2)/ (-3,0)/ (0,-1)/ (2,-3)/ (0,-2)/ (4,0)/ (0,-4)/ (6,0);2026-01-01 18:42:47;16.50
284;14.65;; (1,0)/ (-1,2)/ (-3,0)/ (3,0)/ (-3,0)/ (-2,-5)/ (2,0)/ (3,0)/ (3,0)/ (4,-3)/ (-2,0)/ (0,-5)/ (-2,-2)/;2026-01-01 18:43:44;14.65
285;10.83;; (-5,0)/ (5,-1)/ (-2,1)/ (3,0)/ (0,-3)/ (-4,-4)/ (1,0)/ (3,0)/ (2,-5)/ (-4,0)/ (-3,0)/ (-2,0)/ (-4,0)/;2026-01-01 18:44:15;10.83
286;11.77;; (0,2)/ (4,4)/ (0,-3)/ (6,0)/ (-4,-1)/ (1,-5)/ (0,-4)/ (3,0)/ (2,-5)/ (2,-2)/ (2,0)/ (0,-2)/ (-1,0);2026-01-01 18:44:55;11.77
287;11.32;; (0,2)/ (6,3)/ (-3,6)/ (1,-5)/ (-3,0)/ (2,0)/ (-3,0)/ (-2,0)/ (0,-3)/ (0,-1)/ (4,-3)/ (1,0)/ (2,0);2026-01-01 18:45:27;11.32
288;14.15;; (0,2)/ (1,-2)/ (3,-3)/ (0,-3)/ (-1,-4)/ (-2,0)/ (-3,0)/ (-3,0)/ (0,-3)/ (-3,-2)/ (5,-2)/ (-5,0);2026-01-01 18:46:40;14.15
289;20.97;; (0,-1)/ (4,-2)/ (5,5)/ (6,-3)/ (0,-3)/ (0,-2)/ (3,-3)/ (-3,0)/ (0,-1)/ (0,-4)/;2026-01-01 18:47:11;20.97
290;12.27;; (0,-1)/ (-3,0)/ (4,4)/ (0,-3)/ (-3,0)/ (2,-4)/ (6,-2)/ (0,-3)/ (-2,-1)/ (0,-2)/ (2,0)/ (3,-4);2026-01-01 18:48:04;12.27
291;13.96;; (0,5)/ (0,3)/ (-5,-2)/ (0,-3)/ (-3,0)/ (3,0)/ (-3,-4)/ (-3,-3)/ (-1,0)/ (0,-4)/ (4,0)/ (2,0)/ (-5,-4)/;2026-01-01 18:48:34;13.96
292;10.69;; (4,0)/ (0,3)/ (0,3)/ (6,0)/ (2,-4)/ (-2,-5)/ (-3,-1)/ (-3,0)/ (0,-3)/ (5,0)/ (-4,-5)/ (3,0)/ (0,-3);2026-01-01 18:49:03;10.69
293;18.81;; (1,0)/ (-4,5)/ (4,-5)/ (2,-4)/ (0,-3)/ (3,0)/ (0,-2)/ (3,0)/ (-3,-4)/ (0,-2)/ (-2,0)/ (-5,-2);2026-01-01 18:49:43;18.81
294;22.83;; (0,2)/ (-5,-2)/ (2,-4)/ (-2,-5)/ (3,0)/ (3,-1)/ (3,0)/ (0,-3)/ (3,-4)/ (6,-5)/ (2,0)/ (6,-2)/;2026-01-01 18:50:19;22.83
295;9.48;; (3,5)/ (-3,0)/ (-5,1)/ (-4,-4)/ (3,0)/ (6,-2)/ (-3,-3)/ (-3,0)/ (5,-5)/ (0,-4)/;2026-01-01 18:50:55;9.48
296;12.23;; (0,-1)/ (4,4)/ (0,-3)/ (6,0)/ (-4,-4)/ (0,-3)/ (1,-3)/ (0,-3)/ (-1,-2)/ (-3,-2)/ (3,0)/ (-1,0)/ (-1,0);2026-01-01 18:51:18;12.23
297;17.57;; (0,5)/ (-5,4)/ (-4,2)/ (1,-2)/ (-3,0)/ (5,-3)/ (6,-3)/ (2,0)/ (4,0)/ (2,0)/ (-3,0)/ (6,0);2026-01-01 18:51:46;17.57
298;12.30;; (0,-4)/ (1,1)/ (3,0)/ (-3,0)/ (3,0)/ (-4,-4)/ (-2,0)/ (-3,-3)/ (0,-4)/ (-5,0)/ (-1,0)/ (2,-4)/ (-4,0)/ (-2,0);2026-01-01 18:52:16;12.30
299;11.67;; (0,-1)/ (1,-2)/ (-1,-4)/ (0,-3)/ (3,0)/ (-3,0)/ (6,-5)/ (-3,-3)/ (-4,-5)/ (0,-2)/ (0,-4)/ (-4,0)/;2026-01-01 18:52:46;11.67
300;17.27;; (4,0)/ (0,3)/ (-3,3)/ (-4,-1)/ (6,0)/ (-3,-3)/ (0,-5)/ (3,0)/ (-5,0)/ (-4,0)/ (0,-3)/ (-4,0)/ (-2,0)/ (6,0);2026-01-01 18:53:12;17.27
301;18.24;; (0,-1)/ (4,-2)/ (-1,-1)/ (3,0)/ (4,-2)/ (-3,-1)/ (-3,0)/ (3,-2)/ (0,-4)/ (6,-2)/ (0,-3)/ (0,-2);2026-01-01 18:53:45;18.24
302;16.65;; (1,0)/ (-3,3)/ (-1,-1)/ (3,0)/ (0,-3)/ (0,-3)/ (1,-3)/ (-3,0)/ (3,0)/ (2,-2)/ (4,0)/ (2,-3);2026-01-01 18:54:16;16.65
303;10.98;; (1,3)/ (-1,5)/ (-3,0)/ (-2,-5)/ (-3,-3)/ (0,-4)/ (0,-3)/ (5,0)/ (-5,0)/ (-3,0)/ (6,-3);2026-01-01 18:54:49;10.98
304;16.70;; (0,-1)/ (-2,4)/ (-1,5)/ (6,-3)/ (-5,-2)/ (-4,0)/ (3,0)/ (3,0)/ (-2,0)/ (0,-4)/ (-2,-3)/ (-2,0)/ (2,0);2026-01-01 18:55:14;16.70
305;13.02;; (0,2)/ (3,3)/ (4,1)/ (-4,-1)/ (-3,0)/ (6,0)/ (-2,0)/ (-3,0)/ (0,-2)/ (0,-4)/ (-3,0)/ (4,0)/ (2,0)/;2026-01-01 18:55:49;13.02
306;12.81;; (0,-4)/ (-2,1)/ (-3,6)/ (-4,-1)/ (6,-3)/ (1,0)/ (-3,0)/ (0,-3)/ (1,0)/ (0,-2)/ (0,-1)/ (-2,0)/ (-2,0);2026-01-01 18:56:30;12.81
307;15.73;; (0,2)/ (0,3)/ (4,4)/ (0,-3)/ (-3,-3)/ (2,-1)/ (1,0)/ (-3,0)/ (-1,-2)/ (4,-3)/ (2,0)/ (6,-5)/ (-4,0);2026-01-01 18:56:57;15.73
308;14.01;; (3,2)/ (0,6)/ (-3,0)/ (-3,0)/ (-2,-5)/ (5,-4)/ (1,0)/ (0,-3)/ (-3,-2)/ (-3,0)/ (-4,0)/ (0,-2)/ (-4,0)/ (0,-4);2026-01-01 18:57:32;14.01
309;12.97;; (0,-4)/ (3,0)/ (-3,0)/ (3,0)/ (-2,-5)/ (6,-3)/ (6,-1)/ (-3,-3)/ (1,0)/ (0,-4)/ (4,0)/ (0,-2)/ (-4,0);2026-01-01 18:58:00;12.97
310;12.04;; (1,-3)/ (3,0)/ (-4,2)/ (-3,0)/ (0,-3)/ (4,-5)/ (-1,0)/ (3,0)/ (1,0)/ (0,-3)/ (6,-4)/;2026-01-01 18:59:01;12.04
311;13.83;; (0,-1)/ (-5,4)/ (0,-3)/ (-1,-4)/ (4,-2)/ (2,0)/ (3,0)/ (-3,-4)/ (4,0)/ (-3,-4)/ (0,-1)/ (0,-2);2026-01-01 18:59:26;13.83
312;23.14;; (0,-4)/ (3,0)/ (-2,-5)/ (6,-3)/ (-1,-4)/ (4,0)/ (-3,0)/ (-1,0)/ (4,0)/ (4,0)/ (0,-2)/ (0,-4)/ (1,-2)/ (-2,0);2026-01-01 18:59:59;23.14
313;22.42;; (-5,3)/ (3,0)/ (-4,-1)/ (0,-3)/ (-3,0)/ (-3,0)/ (4,0)/ (-3,0)/ (0,-3)/ (0,-3)/ (1,0)/ (0,-2)/ (4,0)/ (1,0)/;2026-01-01 19:00:36;22.42
314;15.66;; (-5,0)/ (0,3)/ (3,0)/ (2,-4)/ (-2,-5)/ (5,-4)/ (1,0)/ (0,-3)/ (-1,0)/ (1,0)/ (0,-4)/ (-4,0)/ (6,-5);2026-01-01 19:01:37;15.66
315;13.63;; (4,0)/ (-3,0)/ (2,-4)/ (-2,-2)/ (3,0)/ (2,-1)/ (0,-2)/ (0,-3)/ (-2,0)/ (-1,0)/ (-2,-5)/ (-1,-4)/;2026-01-01 19:02:11;13.63
316;11.68;; (-5,0)/ (-1,-1)/ (-3,0)/ (1,-5)/ (-3,0)/ (2,-4)/ (-2,0)/ (0,-3)/ (5,-2)/ (6,-2)/ (-4,-2)/ (0,-2)/ (-3,0);2026-01-01 19:03:20;11.68
317;15.73;; (1,0)/ (5,-1)/ (-2,4)/ (-4,-1)/ (3,0)/ (0,-3)/ (0,-2)/ (-3,-3)/ (0,-3)/ (0,-2)/ (2,-2)/ (-5,-4)/ (-2,0);2026-01-01 19:03:45;15.73
318;10.45;; (3,2)/ (0,3)/ (-3,0)/ (4,-5)/ (0,-3)/ (-1,-1)/ (4,0)/ (0,-3)/ (-3,-2)/ (2,0)/ (0,-2)/ (1,0)/ (-4,-2)/;2026-01-01 19:04:14;10.45
319;17.72;; (0,5)/ (3,0)/ (4,4)/ (-3,0)/ (-1,-4)/ (6,0)/ (0,-5)/ (3,0)/ (3,0)/ (-2,-3)/ (-2,0)/ (4,0)/ (2,0)/;2026-01-01 19:05:00;17.72
320;12.84;; (3,-4)/ (0,3)/ (-3,0)/ (-2,-5)/ (-3,-3)/ (3,0)/ (-1,0)/ (-3,-3)/ (-2,0)/ (5,0)/ (4,-5)/ (0,-2);2026-01-01 19:05:31;12.84
321;14.63;; (-2,0)/ (-3,6)/ (0,-3)/ (2,-4)/ (0,-3)/ (0,-3)/ (-2,0)/ (-3,0)/ (5,-2)/ (0,-4)/ (-5,0)/ (-4,0)/ (-4,-4);2026-01-01 19:05:56;14.63
322;16.64;; (0,5)/ (1,-2)/ (0,3)/ (0,-3)/ (-4,-1)/ (-3,0)/ (1,0)/ (0,-3)/ (-1,0)/ (0,-4)/ (1,-2)/ (0,-2)/ (5,0)/ (-3,0)/;2026-01-01 19:06:35;16.64
323;11.10;; (0,-4)/ (0,3)/ (-2,-5)/ (-4,-1)/ (3,-3)/ (0,-3)/ (4,0)/ (3,-3)/ (-3,0)/ (-1,0)/ (-3,-4);2026-01-01 19:07:19;11.10
324;12.58;; (-2,0)/ (-1,-4)/ (4,-5)/ (0,-3)/ (3,0)/ (5,-1)/ (1,0)/ (-3,0)/ (-1,0)/ (-2,0)/ (4,-2)/ (-4,-4);2026-01-01 19:07:47;12.58
325;19.72;; (-2,3)/ (-1,-1)/ (-3,0)/ (4,-2)/ (0,-3)/ (0,-1)/ (0,-3)/ (0,-2)/ (3,-1)/ (-4,0)/ (0,-3)/ (-2,-4)/ (6,0);2026-01-01 19:08:14;19.72
326;15.00;; (0,2)/ (-3,6)/ (-5,-2)/ (3,0)/ (-3,-3)/ (-3,0)/ (0,-1)/ (-3,-3)/ (1,0)/ (4,0)/ (0,-4)/ (6,0)/ (-2,-4);2026-01-01 19:08:47;15.00
327;18.03;; (0,-1)/ (-2,-2)/ (-1,5)/ (-3,0)/ (1,-5)/ (0,-3)/ (2,0)/ (-3,-3)/ (-3,0)/ (-5,-3)/ (4,0)/ (0,-2)/ (-4,0)/;2026-01-01 19:09:23;18.03
328;10.69;; (-2,-3)/ (5,5)/ (0,-3)/ (0,-3)/ (-2,-2)/ (-4,0)/ (6,-3)/ (2,0)/ (-5,0)/;2026-01-01 19:09:55;10.69
329;9.88;; (1,0)/ (6,0)/ (0,3)/ (-4,-4)/ (0,-3)/ (0,-2)/ (-3,-3)/ (-2,0)/ (-1,0)/;2026-01-01 19:10:18;9.88
330;19.25;; (-3,-1)/ (0,6)/ (-5,-2)/ (-1,-4)/ (-3,-3)/ (0,-5)/ (0,-3)/ (-2,-1)/ (0,-2)/ (0,-5)/ (3,0)/ (-4,0)/;2026-01-01 19:10:43;19.25
331;15.07;; (-3,5)/ (-5,-2)/ (-1,-4)/ (3,0)/ (6,0)/ (-3,0)/ (-5,0)/ (-3,0)/ (0,-3)/ (-5,0)/ (2,-2)/;2026-01-01 19:11:15;15.07
332;23.23;; (0,5)/ (0,-3)/ (1,-5)/ (2,-1)/ (-5,-2)/ (5,0)/ (3,0)/ (-5,0)/ (-4,0)/ (2,0)/ (-2,-3)/ (-4,0)/ (0,-4)/ (1,0);2026-01-01 19:12:52;23.23
333;13.83;; (1,0)/ (-4,5)/ (0,-3)/ (0,-3)/ (4,-5)/ (6,-3)/ (-1,0)/ (-3,-3)/ (2,-1)/ (-4,0)/;2026-01-01 19:13:28;13.83
334;11.94;; (-2,0)/ (-4,-1)/ (3,0)/ (4,-5)/ (-3,-3)/ (0,-3)/ (-4,0)/ (-3,0)/ (0,-1)/ (2,0)/ (0,-2)/ (-4,-3);2026-01-01 19:14:57;11.94
335;15.38;; (0,2)/ (-3,-3)/ (4,1)/ (3,0)/ (-3,0)/ (5,-1)/ (0,-5)/ (-3,-3)/ (-2,0)/ (-1,-1)/ (1,0)/ (2,0)/ (-2,0);2026-01-01 19:15:21;15.38
336;20.73;; (0,-1)/ (1,-2)/ (3,0)/ (-3,-3)/ (-3,0)/ (-4,-4)/ (0,-2)/ (3,0)/ (1,0)/ (-4,0)/ (-4,-4)/ (3,0)/ (4,0)/;2026-01-01 19:15:52;20.73
337;15.77;; (1,0)/ (-1,2)/ (-5,4)/ (-4,-1)/ (3,0)/ (-3,0)/ (0,-5)/ (6,0)/ (6,-3)/ (0,-1)/ (4,-4)/ (2,0)/ (6,0);2026-01-01 19:17:06;15.77
338;14.93;; (0,-4)/ (0,3)/ (1,-2)/ (0,-3)/ (3,0)/ (3,-3)/ (-4,0)/ (-3,0)/ (0,-3)/ (-2,0)/ (4,-1)/ (-1,-2)/ (0,-4);2026-01-01 19:18:04;14.93
339;15.32;; (0,2)/ (4,-2)/ (0,-3)/ (-1,-4)/ (-3,0)/ (-3,-3)/ (4,0)/ (3,0)/ (-4,0)/ (1,0)/ (0,-2)/ (2,-5)/ (-2,0)/;2026-01-01 19:18:34;15.32
340;13.58;; (0,-1)/ (1,1)/ (0,-3)/ (-1,-1)/ (-3,0)/ (-5,-2)/ (0,-4)/ (6,-3)/ (-5,-4)/ (4,-3)/ (6,-4)/ (-5,0);2026-01-01 19:19:03;13.58
341;13.02;; (-5,0)/ (2,5)/ (-3,6)/ (1,-5)/ (0,-4)/ (3,0)/ (-4,-5)/ (6,-2)/ (-3,0)/ (-3,0)/;2026-01-01 19:19:31;13.02
342;19.57;; (0,2)/ (0,3)/ (0,-3)/ (4,-5)/ (-3,0)/ (0,-3)/ (-1,0)/ (-3,0)/ (0,-1)/ (-2,0)/ (4,-3)/ (3,0)/ (2,0)/ (-4,0);2026-01-01 19:20:01;19.57
343;21.37;; (0,5)/ (-2,-5)/ (0,-3)/ (-1,-4)/ (-3,-3)/ (3,0)/ (-5,0)/ (0,-3)/ (6,-2)/ (-1,0)/ (2,0)/ (0,-2)/ (2,-2);2026-01-01 19:20:35;21.37
344;11.09;; (1,3)/ (-3,6)/ (-1,-1)/ (3,-3)/ (-2,0)/ (-3,0)/ (-1,-2)/ (-2,0)/ (-5,-4)/ (0,-4)/ (0,-5)/ (5,-4)/;2026-01-01 19:21:34;11.09
345;16.53;; (1,0)/ (-1,2)/ (3,0)/ (3,-3)/ (-5,0)/ (0,-3)/ (-1,-2)/ (-3,-4)/ (-2,0)/ (5,0)/;2026-01-01 19:21:57;16.53
346;14.08;; (-2,0)/ (3,0)/ (5,5)/ (0,-3)/ (1,-5)/ (5,-4)/ (0,-2)/ (6,0)/ (-3,0)/ (-3,-4)/ (0,-4)/ (-2,-2)/ (-1,-2);2026-01-01 19:22:33;14.08
347;14.00;; (-2,0)/ (-1,-4)/ (-2,1)/ (2,-4)/ (0,-3)/ (-2,0)/ (-3,-3)/ (-5,-4)/ (0,-2)/ (-4,-5)/ (-4,0)/ (0,-1)/ (-5,0);2026-01-01 19:23:33;14.00
348;12.74;; (-2,0)/ (2,5)/ (-5,4)/ (-1,-4)/ (3,0)/ (-3,0)/ (0,-2)/ (-3,-3)/ (0,-1)/ (4,-4)/ (4,-2)/ (6,-4);2026-01-01 19:24:03;12.74
349;14.82;; (-2,0)/ (6,0)/ (0,-3)/ (0,-3)/ (3,0)/ (0,-3)/ (0,-4)/ (-3,0)/ (0,-3)/ (-5,0)/ (-1,-2)/ (0,-5)/ (0,-4)/ (3,-2)/;2026-01-01 19:24:30;14.82
350;14.63;; (-2,-3)/ (5,-4)/ (0,-3)/ (-5,-5)/ (5,-4)/ (0,-2)/ (-3,0)/ (3,0)/ (0,-3)/ (4,-1)/ (-4,0)/ (2,-3)/ (6,0);2026-01-01 19:25:00;14.63
351;11.87;; (3,5)/ (3,0)/ (-2,1)/ (0,-3)/ (3,0)/ (0,-3)/ (-1,0)/ (-3,-3)/ (2,-5)/ (0,-2)/ (0,-4)/ (-4,0)/ (0,-2)/;2026-01-01 19:25:29;11.87
352;12.71;; (0,5)/ (6,-3)/ (-2,4)/ (-4,-1)/ (0,-3)/ (0,-2)/ (-3,-3)/ (0,-5)/ (-2,0)/ (6,-2)/ (-2,-4)/ (-1,0)/ (-3,0);2026-01-01 19:26:49;12.71
353;13.05;; (1,0)/ (-1,-4)/ (4,-2)/ (0,-3)/ (6,-3)/ (5,0)/ (3,-3)/ (3,0)/ (-4,-5)/ (4,-3)/ (-2,-5)/ (2,0)/;2026-01-01 19:27:18;13.05
354;19.95;; (1,0)/ (3,3)/ (-3,0)/ (3,0)/ (2,-4)/ (3,0)/ (6,-2)/ (-3,0)/ (4,0)/ (-1,0)/ (4,0)/ (4,-1)/ (-3,0);2026-01-01 20:31:44;19.95
355;18.03;; (4,0)/ (5,-4)/ (1,-5)/ (0,-3)/ (3,0)/ (3,0)/ (-3,-4)/ (-3,0)/ (-1,0)/ (4,0)/ (-2,-2)/ (6,-3);2026-01-01 20:32:16;18.03
356;16.78;; (-2,0)/ (-1,2)/ (0,-3)/ (4,-5)/ (-1,-4)/ (-5,0)/ (0,-3)/ (3,-2)/ (0,-4)/ (-2,0)/ (0,-2)/ (4,-4);2026-01-01 20:32:46;16.78
357;14.79;; (3,-1)/ (4,1)/ (0,-3)/ (6,-3)/ (5,-4)/ (3,-5)/ (-3,-3)/ (0,-5)/ (2,0)/ (-2,-2)/ (-4,-2);2026-01-01 20:33:15;14.79
358;12.83;; (0,2)/ (-2,-2)/ (3,0)/ (-1,-4)/ (-3,0)/ (-5,0)/ (0,-3)/ (-1,0)/ (-5,0)/ (2,0)/ (-1,0)/ (2,-2)/ (6,-2);2026-01-01 20:33:46;12.83
359;15.49;; (-5,0)/ (-3,3)/ (0,3)/ (6,0)/ (-1,-1)/ (0,-3)/ (-3,-2)/ (3,0)/ (-5,-4)/ (-3,-2)/ (0,-3)/ (6,-2)/ (1,0);2026-01-01 20:34:14;15.49
360;12.91;; (-2,-3)/ (0,3)/ (-4,5)/ (0,-3)/ (-2,-2)/ (0,-3)/ (2,0)/ (-3,0)/ (0,-3)/ (3,0)/ (-5,-1)/ (2,0)/ (4,0)/;2026-01-01 20:34:44;12.91
361;13.63;; (-2,-3)/ (-4,-1)/ (1,-5)/ (-4,-1)/ (-2,-5)/ (5,0)/ (0,-3)/ (0,-1)/ (3,-2)/ (-2,-2);2026-01-01 20:35:10;13.63
362;20.29;; (-3,-4)/ (1,-5)/ (6,-3)/ (-3,0)/ (-1,-1)/ (-3,-2)/ (0,-3)/ (0,-1)/ (6,-4)/ (0,-2)/ (0,-4)/ (6,0)/;2026-01-01 20:53:29;20.29
363;17.44;; (4,0)/ (-4,2)/ (4,-5)/ (2,-4)/ (-2,-5)/ (-3,-1)/ (-3,0)/ (5,-2)/ (-2,0)/ (-4,0)/ (-4,0)/ (4,0)/;2026-01-01 20:54:03;17.44
364;12.81;; (4,0)/ (-3,-3)/ (3,0)/ (3,0)/ (0,-3)/ (-4,-1)/ (-3,-2)/ (0,-3)/ (4,-1)/ (4,-4)/ (6,0)/ (0,-3);2026-01-01 20:54:49;12.81
365;13.53;; (4,0)/ (0,6)/ (3,0)/ (5,-1)/ (0,-3)/ (6,-3)/ (-3,-2)/ (3,0)/ (-5,-4)/ (0,-2)/ (2,-5)/ (-3,0)/ (4,0);2026-01-01 20:55:20;13.53
366;12.04;; (-3,-4)/ (-3,0)/ (-5,-2)/ (6,-3)/ (3,-3)/ (6,-4)/ (0,-3)/ (-1,0)/ (-3,-4)/ (0,-2)/ (3,-4)/ (-1,0);2026-01-01 20:55:47;12.04
367;17.46;; (-5,0)/ (-1,2)/ (6,3)/ (3,0)/ (3,0)/ (4,-5)/ (5,0)/ (3,0)/ (0,-4)/ (3,-2)/ (2,-2)/ (-4,-2)/;2026-01-01 20:56:27;17.46
368;15.08;; (0,5)/ (6,3)/ (0,3)/ (4,-2)/ (-3,0)/ (5,0)/ (0,-3)/ (-2,-3)/ (0,-2)/ (-4,0)/ (2,-2)/ (-4,-2)/ (-3,0);2026-01-01 20:57:25;15.08
369;18.47;; (0,-4)/ (0,3)/ (-3,0)/ (4,-2)/ (-3,-3)/ (-4,-4)/ (-5,0)/ (-3,0)/ (-1,0)/ (0,-5)/ (2,0)/ (2,0)/ (-2,0);2026-01-01 20:57:54;18.47
370;18.36;; (-5,0)/ (5,2)/ (0,-3)/ (6,-3)/ (1,-2)/ (3,-1)/ (0,-3)/ (-1,-2)/ (3,-2)/ (3,0)/ (4,0)/ (0,-4)/;2026-01-01 20:58:28;18.36
371;16.48;; (-5,-3)/ (-3,6)/ (2,-4)/ (3,0)/ (-3,-3)/ (-5,0)/ (-3,-3)/ (-1,0)/ (4,-4)/ (-1,-4)/ (0,-4)/ (0,-2)/;2026-01-01 20:59:01;16.48
372;17.87;; (-5,0)/ (5,2)/ (3,0)/ (6,-3)/ (-2,-5)/ (-3,0)/ (2,0)/ (-3,0)/ (0,-1)/ (0,-5)/ (6,-4)/ (5,0)/ (6,0);2026-01-01 20:59:33;17.87
373;12.03;; (-3,-4)/ (-3,3)/ (-5,-2)/ (0,-3)/ (6,0)/ (0,-4)/ (-3,-3)/ (3,0)/ (-4,-2)/ (2,0)/ (6,0);2026-01-01 21:00:10;12.03
374;18.39;; (4,0)/ (3,0)/ (0,-3)/ (2,-1)/ (4,-2)/ (3,0)/ (5,0)/ (0,-3)/ (4,-1)/ (0,-4)/ (4,-5)/ (-4,0)/;2026-01-01 21:00:35;18.39
375;13.00;; (0,5)/ (-2,1)/ (5,-1)/ (-3,0)/ (-2,-2)/ (3,0)/ (5,0)/ (0,-3)/ (6,0)/ (-3,0)/ (3,-3);2026-01-01 21:01:20;13.00
376;17.50;; (-2,3)/ (3,0)/ (3,0)/ (-1,-1)/ (1,-2)/ (-1,-3)/ (0,-3)/ (-2,0)/ (-1,0)/ (4,-5)/ (4,-3)/ (-2,-4);2026-01-01 21:01:45;17.50
377;18.69;; (4,0)/ (5,5)/ (0,3)/ (-3,0)/ (-2,-5)/ (6,-1)/ (-3,0)/ (0,-2)/ (-1,0)/ (2,-3)/ (4,-3)/ (0,-4)/ (6,0);2026-01-01 21:02:16;18.69
378;18.32;; (0,-1)/ (-3,0)/ (-5,-2)/ (0,-3)/ (-4,-4)/ (1,-2)/ (0,-4)/ (-3,-3)/ (-5,0)/ (4,0)/ (0,-4)/ (0,-2)/ (0,-2);2026-01-01 21:02:49;18.32
379;13.12;; (0,-4)/ (3,3)/ (-5,-2)/ (-3,0)/ (-1,-1)/ (-3,0)/ (1,0)/ (0,-3)/ (5,-2)/ (-4,0)/ (3,0)/ (2,0)/ (-5,0)/ (2,0);2026-01-01 21:03:23;13.12
380;18.54;; (-5,-3)/ (5,5)/ (-3,0)/ (0,-3)/ (-2,-2)/ (-3,-4)/ (0,-3)/ (0,-3)/ (3,-5)/ (-2,0)/ (5,0)/ (2,0);2026-01-01 21:03:48;18.54
381;14.19;; (3,-1)/ (-5,-2)/ (-3,0)/ (6,-3)/ (5,-4)/ (3,-5)/ (-3,-3)/ (0,-5)/ (4,0)/ (6,-4)/ (-4,0)/ (6,0);2026-01-01 21:04:20;14.19
382;13.62;; (0,-1)/ (-2,-2)/ (6,-3)/ (-4,-1)/ (1,-5)/ (3,-4)/ (-3,-3)/ (-3,0)/ (0,-2)/ (4,0)/ (4,0)/ (-4,0)/;2026-01-01 21:04:46;13.62
383;18.22;; (0,-1)/ (1,-2)/ (-3,0)/ (5,-1)/ (0,-3)/ (6,-2)/ (3,0)/ (-5,0)/ (-4,0)/ (-4,0)/ (-3,0)/ (0,-4)/ (6,-4)/ (4,0);2026-01-01 21:05:18;18.22
384;16.33;; (-5,0)/ (-4,-4)/ (3,0)/ (-5,-2)/ (3,0)/ (6,0)/ (-3,-4)/ (0,-3)/ (6,-2)/ (-1,0)/ (0,-2)/ (-4,0)/ (-1,-2)/;2026-01-01 21:05:51;16.33
385;12.39;; (1,0)/ (-4,2)/ (1,1)/ (3,0)/ (-1,-1)/ (1,0)/ (-3,-3)/ (-1,-2)/ (-4,-2)/ (-4,-2)/ (0,-2);2026-01-01 21:06:17;12.39
386;11.79;; (0,2)/ (-5,1)/ (0,6)/ (-3,0)/ (-1,-4)/ (0,-3)/ (3,-2)/ (0,-3)/ (0,-1)/ (-3,-4)/ (4,-5)/ (-2,0);2026-01-01 21:07:00;11.79
387;17.31;; (0,-4)/ (-5,4)/ (2,-4)/ (-2,-5)/ (-4,-1)/ (-2,0)/ (-3,-3)/ (-3,0)/ (2,0)/ (-4,0)/ (0,-4)/ (4,-4);2026-01-01 21:07:27;17.31
388;11.42;; (1,0)/ (-3,0)/ (0,6)/ (-1,-1)/ (4,-5)/ (5,-1)/ (0,-5)/ (-3,0)/ (-3,0)/ (5,-3)/ (-4,0)/ (-5,0)/ (0,-1);2026-01-01 21:07:59;11.42
389;11.16;; (-3,-4)/ (-3,0)/ (0,3)/ (4,-5)/ (6,0)/ (-1,-1)/ (-2,0)/ (-3,-3)/ (-1,0)/ (0,-4)/ (0,-4)/ (-4,0)/ (0,-4);2026-01-01 21:08:27;11.16
390;14.83;; (-5,0)/ (3,0)/ (-4,-1)/ (3,0)/ (-5,-2)/ (5,0)/ (0,-3)/ (4,-1)/ (4,0)/ (0,-4)/ (-4,0)/ (6,-2);2026-01-01 21:08:57;14.83
391;14.53;; (1,0)/ (3,0)/ (5,5)/ (1,-2)/ (3,0)/ (-3,0)/ (0,-1)/ (-3,0)/ (-1,0)/ (-2,0)/ (0,-2)/ (0,-5)/ (4,-4)/ (-2,0);2026-01-01 21:09:25;14.53
392;14.84;; (0,-4)/ (-3,-3)/ (0,3)/ (4,-2)/ (3,-3)/ (6,-1)/ (3,0)/ (0,-3)/ (4,0)/ (0,-2)/ (-4,0)/ (0,-5)/ (-2,0)/;2026-01-01 21:10:32;14.84
393;14.07;; (0,2)/ (6,-3)/ (1,-2)/ (-1,-4)/ (4,-2)/ (-4,0)/ (-3,-3)/ (4,-1)/ (2,0)/ (-1,-4)/ (4,0)/ (1,0)/;2026-01-01 21:11:13;14.07
394;14.46;; (1,0)/ (-3,-3)/ (0,-3)/ (3,0)/ (-1,-1)/ (-3,0)/ (-2,-3)/ (-3,-3)/ (5,0)/ (4,0)/ (0,-4)/ (-4,0)/ (2,0);2026-01-01 21:11:47;14.46
395;14.48;; (-2,3)/ (0,3)/ (3,0)/ (-3,0)/ (-4,-1)/ (-3,0)/ (1,0)/ (-3,0)/ (0,-2)/ (5,0)/ (0,-4)/ (-3,0)/ (-4,0)/ (6,0);2026-01-01 21:12:17;14.48
396;26.04;; (0,-1)/ (3,0)/ (4,-2)/ (3,0)/ (3,0)/ (6,-3)/ (-1,0)/ (3,0)/ (1,0)/ (-2,0)/ (2,0)/ (-4,0)/ (0,-4)/ (6,-2)/;2026-01-01 21:12:48;26.04
397;11.68;; (4,0)/ (-3,0)/ (0,3)/ (-4,-1)/ (-3,0)/ (-3,-3)/ (0,-2)/ (3,0)/ (3,0)/ (4,0)/ (4,0)/ (-1,0)/ (2,-3);2026-01-01 21:13:56;11.68
398;11.81;; (-3,2)/ (4,-2)/ (2,-1)/ (4,-5)/ (-3,-3)/ (5,0)/ (-3,0)/ (0,-1)/ (-4,-5)/ (0,-1)/ (6,0)/ (-1,-2);2026-01-01 21:27:36;11.81
399;12.87;; (0,5)/ (0,-3)/ (-5,-2)/ (2,-4)/ (-3,0)/ (0,-3)/ (1,0)/ (3,0)/ (3,0)/ (-5,0)/ (0,-2)/ (2,0)/ (0,-4)/ (0,-1)/;2026-01-01 21:34:24;12.87
400;16.69;; (3,-1)/ (-5,1)/ (2,-1)/ (0,-3)/ (-3,0)/ (3,-2)/ (-3,-3)/ (0,-5)/ (4,0)/ (0,-1)/ (2,-3)/ (-4,-3);2026-01-01 21:35:02;16.69
401;22.78;; (6,5)/ (4,-2)/ (-3,0)/ (0,-3)/ (5,-1)/ (1,-3)/ (-3,-3)/ (5,0)/ (0,-4)/ (-5,-4)/ (-2,0)/ (3,-4)/;2026-01-01 21:35:45;22.78
402;15.87;; (0,2)/ (1,-2)/ (-4,2)/ (1,-2)/ (-4,-3)/ (3,0)/ (1,0)/ (-2,0)/ (2,0)/ (-4,0)/ (-2,0)/ (-2,-4);2026-01-01 21:36:56;15.87
403;17.18;; (4,3)/ (3,0)/ (-1,2)/ (-2,-5)/ (0,-3)/ (-3,0)/ (-4,0)/ (-3,0)/ (0,-3)/ (-2,0)/ (4,0)/ (0,-4)/ (-5,0)/ (-4,-2);2026-01-01 21:37:28;17.18
404;16.11;; (3,-4)/ (-5,1)/ (-4,-1)/ (-5,-2)/ (-4,-1)/ (1,0)/ (0,-3)/ (-1,-2)/ (-3,0)/ (2,0)/ (-5,-4)/ (6,0);2026-01-01 21:38:00;16.11
405;16.09;; (-3,-4)/ (1,-5)/ (-4,-4)/ (0,-3)/ (3,0)/ (-3,0)/ (4,0)/ (-3,-3)/ (1,0)/ (6,-4)/ (-4,-2)/ (0,-5)/ (6,0);2026-01-01 21:38:37;16.09
406;13.93;; (0,-1)/ (-3,0)/ (3,-3)/ (1,-2)/ (3,0)/ (-3,0)/ (5,0)/ (3,0)/ (-5,0)/ (-4,0)/ (-2,0)/ (-2,0)/ (0,-4)/;2026-01-01 21:39:05;13.93
407;21.29;; (0,-1)/ (-3,-3)/ (0,-3)/ (1,-5)/ (0,-3)/ (3,0)/ (3,-1)/ (-3,-3)/ (1,0)/ (4,0)/ (0,-2)/ (0,-1)/ (5,0)/;2026-01-01 21:39:57;21.29
408;13.42;; (4,0)/ (0,-3)/ (-1,2)/ (-3,0)/ (-2,-5)/ (0,-3)/ (-1,-3)/ (-3,-3)/ (-4,-5)/ (-4,0)/ (2,-2)/ (-2,0)/;2026-01-01 21:40:35;13.42
409;13.01;; (-5,0)/ (5,2)/ (4,-2)/ (0,-3)/ (-3,-3)/ (0,-4)/ (-3,0)/ (-1,-2)/ (2,0)/ (4,0)/ (5,0)/ (4,0)/ (0,-4)/ (-5,0);2026-01-01 21:41:46;13.01
410;8.96;; (-5,0)/ (-4,2)/ (0,3)/ (-3,0)/ (4,-2)/ (3,-3)/ (2,0)/ (3,-3)/ (-3,0)/ (-3,-3)/;2026-01-01 21:42:28;8.96
411;13.76;; (3,2)/ (-2,4)/ (2,-1)/ (-3,0)/ (-5,-5)/ (0,-1)/ (-3,0)/ (-1,0)/ (-4,-3)/ (-5,0)/ (2,-5)/ (3,0);2026-01-01 21:43:34;13.76
412;15.69;; (4,0)/ (3,0)/ (-3,0)/ (0,-3)/ (2,-1)/ (-5,0)/ (0,-3)/ (-1,0)/ (4,0)/ (2,-3)/ (-5,-4)/ (0,-2)/ (6,-5)/ (-1,0);2026-01-01 21:44:05;15.69
413;19.93;; (0,2)/ (0,-3)/ (0,3)/ (-3,-3)/ (-5,-5)/ (5,0)/ (-3,0)/ (0,-3)/ (-2,-3)/ (4,-1)/ (-1,-2)/ (2,0);2026-01-01 21:44:35;19.93
414;21.38;; (-2,0)/ (-1,-4)/ (-3,0)/ (1,-5)/ (-4,-4)/ (6,0)/ (-2,0)/ (3,0)/ (3,-5)/ (3,0)/ (-3,-2)/ (-1,0)/ (6,-4);2026-01-01 21:45:13;21.38
415;15.29;; (0,5)/ (-3,0)/ (1,-5)/ (2,-1)/ (6,-3)/ (-5,-3)/ (3,0)/ (-3,-5)/ (-4,0)/ (-3,-2)/ (6,-2)/;2026-01-01 21:45:48;15.29
416;12.10;; (0,5)/ (-2,-2)/ (2,-1)/ (-2,-5)/ (5,-1)/ (1,0)/ (-3,-3)/ (5,0)/ (4,0)/ (-2,-2)/ (-4,0)/;2026-01-01 21:46:34;12.10
417;15.27;; (0,-4)/ (1,4)/ (5,-4)/ (-3,0)/ (-5,-2)/ (3,0)/ (0,-1)/ (-3,0)/ (-3,0)/ (-4,0)/ (2,0)/ (2,-5)/ (6,-4);2026-01-01 21:46:59;15.27
418;9.07;; (0,5)/ (3,0)/ (-5,1)/ (0,-3)/ (-1,-4)/ (-5,-5)/ (5,0)/ (0,-3)/ (-2,0)/ (-4,0)/ (-2,-5)/ (-1,0)/ (4,0);2026-01-01 21:47:27;9.07
419;27.07;; (-5,-3)/ (-4,5)/ (-2,-5)/ (3,0)/ (0,-3)/ (-4,0)/ (3,0)/ (1,0)/ (-2,0)/ (-4,0)/ (0,-4)/ (4,-4)/ (5,0)/ (-3,0);2026-01-01 21:47:52;27.07
420;12.45;; (4,0)/ (3,6)/ (2,-4)/ (6,0)/ (0,-3)/ (-5,-2)/ (-1,0)/ (3,0)/ (3,0)/ (-2,0)/ (4,-1)/ (-1,0)/ (2,-2);2026-01-01 21:48:31;12.45
421;10.57;; (0,2)/ (-2,1)/ (-3,0)/ (-1,-4)/ (-5,-2)/ (-3,-1)/ (0,-3)/ (-3,0)/ (-3,-4)/ (0,-2)/;2026-01-01 21:48:58;10.57
422;18.53;; (4,0)/ (-4,5)/ (0,3)/ (-3,0)/ (-5,-5)/ (0,-3)/ (-1,-3)/ (3,0)/ (1,0)/ (2,-3)/ (-3,0)/ (-4,0)/;2026-01-01 21:49:26;18.53
423;17.09;; (3,5)/ (-5,1)/ (3,0)/ (6,0)/ (0,-3)/ (-4,-1)/ (-2,0)/ (-3,0)/ (6,-2)/ (0,-1)/ (-4,0)/ (-4,-3);2026-01-01 21:49:59;17.09
424;19.01;; (0,-1)/ (6,3)/ (-2,-5)/ (2,-4)/ (1,-2)/ (6,-4)/ (-3,-3)/ (1,0)/ (4,0)/ (2,0)/ (0,-3);2026-01-01 21:50:27;19.01
425;14.14;; (-2,-3)/ (3,0)/ (-3,0)/ (-4,-4)/ (-3,0)/ (4,-5)/ (-4,0)/ (-3,-3)/ (4,-1)/ (0,-4)/ (4,0)/ (-5,0)/ (6,0)/;2026-01-01 21:51:06;14.14
426;16.30;; (3,5)/ (-5,1)/ (-4,-1)/ (4,-5)/ (-3,0)/ (-3,-4)/ (-3,0)/ (-1,0)/ (-4,0)/ (0,-2)/ (6,-3)/ (4,0)/ (6,0);2026-01-01 21:51:33;16.30
427;16.70;; (3,2)/ (-3,0)/ (3,0)/ (0,-3)/ (0,-3)/ (-5,-2)/ (-4,0)/ (0,-3)/ (-2,0)/ (-3,0)/ (6,-1)/ (0,-4)/ (-2,-2);2026-01-01 21:52:01;16.70
428;16.71;; (0,5)/ (1,-5)/ (2,2)/ (0,-3)/ (-5,-2)/ (0,-4)/ (3,0)/ (-4,-3)/ (0,-4)/ (1,-2)/ (0,-2)/ (2,0)/ (3,-2);2026-01-01 21:52:47;16.71
429;15.56;; (-2,-3)/ (-1,-4)/ (0,-3)/ (3,-3)/ (1,-2)/ (-3,-1)/ (-3,-3)/ (-1,0)/ (4,0)/ (4,0)/ (-3,0)/ (4,0);2026-01-01 21:53:26;15.56
430;13.08;; (4,0)/ (5,-1)/ (6,-3)/ (-2,-5)/ (3,0)/ (0,-1)/ (6,-3)/ (1,-3)/ (-1,0)/ (4,0)/ (-4,0)/ (2,-1);2026-01-01 21:53:58;13.08
431;14.65;; (-3,-1)/ (-5,4)/ (5,-4)/ (1,0)/ (3,0)/ (2,-5)/ (-4,0)/ (-3,-2)/ (-5,-4)/ (5,0)/ (0,-2);2026-01-01 21:54:46;14.65
432;13.84;; (3,2)/ (-5,4)/ (-3,0)/ (2,-4)/ (-5,-5)/ (5,0)/ (0,-3)/ (-2,-1)/ (-3,0)/ (5,0)/ (6,0)/ (-2,0);2026-01-01 21:55:14;13.84
433;13.79;; (1,-3)/ (6,3)/ (0,-3)/ (5,-4)/ (4,-5)/ (5,0)/ (0,-3)/ (-2,-1)/ (0,-2)/ (2,0)/ (-2,0)/ (6,-4);2026-01-01 21:55:59;13.79
434;16.02;; (0,-1)/ (4,1)/ (-1,5)/ (-3,0)/ (-2,-2)/ (-3,-1)/ (0,-3)/ (5,0)/ (6,-2)/ (0,-2)/ (-3,0)/ (6,-2);2026-01-01 21:56:29;16.02
435;16.29;; (-3,5)/ (-2,1)/ (5,-4)/ (3,-3)/ (-2,-5)/ (0,-4)/ (3,0)/ (3,0)/ (1,0)/ (0,-2)/ (0,-3)/ (-1,-2)/;2026-01-01 21:57:03;16.29
436;16.86;; (-3,5)/ (3,0)/ (-5,-2)/ (0,-3)/ (6,0)/ (-4,-1)/ (4,0)/ (-3,-3)/ (1,-4)/ (-2,0)/ (6,-2)/ (-1,0)/;2026-01-01 21:57:38;16.86
437;16.57;; (0,-4)/ (-5,4)/ (6,-3)/ (5,-4)/ (3,-3)/ (0,-2)/ (-3,-3)/ (0,-5)/ (4,0)/ (-2,-4)/ (0,-4)/;2026-01-01 21:58:18;16.57
438;11.01;; (1,-3)/ (2,5)/ (1,-5)/ (5,-4)/ (-5,-2)/ (0,-4)/ (3,0)/ (3,0)/ (5,0)/ (2,-5)/ (2,-5);2026-01-01 21:58:54;11.01
439;17.16;; (0,5)/ (4,-5)/ (5,-4)/ (-3,0)/ (-3,0)/ (0,-3)/ (-5,0)/ (-3,0)/ (3,-3)/ (5,0)/ (-4,0)/ (0,-2)/ (4,0)/ (1,0)/;2026-01-01 21:59:51;17.16
440;15.69;; (3,5)/ (0,-3)/ (6,0)/ (-2,-2)/ (0,-3)/ (-1,-4)/ (4,0)/ (-3,0)/ (-3,-2)/ (6,-1)/ (-2,0)/ (2,-5);2026-01-01 22:00:25;15.69
441;11.73;; (-2,0)/ (-4,-1)/ (4,-5)/ (-3,0)/ (2,-4)/ (3,0)/ (4,0)/ (-3,0)/ (-3,-2)/ (-2,0);2026-01-01 22:01:08;11.73
442;20.06;; (3,5)/ (0,3)/ (-2,-2)/ (0,-3)/ (-3,-3)/ (-3,0)/ (-4,0)/ (-3,-3)/ (0,-5)/ (4,0)/ (-4,0)/ (-2,0)/ (-2,0);2026-01-01 22:01:37;20.06
443;13.44;; (1,0)/ (3,0)/ (5,2)/ (6,-3)/ (-3,0)/ (4,-5)/ (5,0)/ (3,0)/ (-5,0)/ (-4,0)/ (-2,-3)/ (4,0)/ (6,-3);2026-01-01 22:02:10;13.44
444;16.72;; (0,-4)/ (3,0)/ (-2,-2)/ (-3,0)/ (3,0)/ (0,-3)/ (3,0)/ (2,0)/ (-3,-3)/ (3,0)/ (3,-1)/ (4,0)/ (2,-4);2026-01-01 22:02:43;16.72
445;15.49;; (0,5)/ (0,-3)/ (1,4)/ (-3,0)/ (6,-3)/ (5,-1)/ (-2,0)/ (-3,-3)/ (-3,-4)/ (2,0)/ (0,-2)/ (0,-2)/ (-1,0);2026-01-01 22:03:12;15.49
446;16.60;; (0,-1)/ (-5,4)/ (-3,0)/ (-3,0)/ (-1,-4)/ (-2,-5)/ (-4,0)/ (-3,0)/ (4,0)/ (-1,-1)/ (-5,0)/ (-4,0);2026-01-01 22:04:02;16.60
447;15.76;; (-3,2)/ (4,-5)/ (0,-3)/ (-3,0)/ (-3,0)/ (-1,-4)/ (4,0)/ (0,-3)/ (3,0)/ (4,-4)/ (0,-2)/ (6,-5)/;2026-01-01 22:04:38;15.76
448;11.97;; (0,5)/ (4,-5)/ (-3,0)/ (-1,-4)/ (-3,0)/ (0,-3)/ (0,-2)/ (-3,-3)/ (0,-1)/ (0,-4)/ (0,-5)/ (3,0)/ (0,-1)/;2026-01-01 22:05:08;11.97
449;16.43;; (-3,2)/ (1,4)/ (3,0)/ (-3,0)/ (5,-4)/ (-3,0)/ (4,0)/ (-3,0)/ (-1,-2)/ (2,0)/ (0,-1)/ (4,-3)/ (0,-5)/;2026-01-01 22:06:10;16.43
450;15.72;; (4,0)/ (3,-3)/ (-3,0)/ (5,-1)/ (-3,0)/ (-3,0)/ (-2,-3)/ (3,0)/ (3,0)/ (-1,0)/ (2,0)/ (-4,-3)/ (4,0);2026-01-01 22:06:50;15.72
451;15.88;; (1,0)/ (0,3)/ (2,-1)/ (3,-3)/ (0,-3)/ (-2,-5)/ (-4,0)/ (3,0)/ (1,0)/ (4,-3)/ (0,-4)/ (4,0)/ (-3,-4);2026-01-01 22:07:30;15.88
452;11.08;; (-3,-4)/ (3,0)/ (0,3)/ (6,0)/ (-5,-2)/ (0,-3)/ (5,0)/ (0,-3)/ (4,-3)/ (0,-4)/ (-2,0)/ (2,-2)/ (0,-3);2026-01-01 22:09:14;11.08
453;14.74;; (4,0)/ (6,0)/ (5,5)/ (0,-3)/ (1,-5)/ (0,-4)/ (0,-3)/ (0,-3)/ (0,-1)/ (-4,0)/ (4,0)/ (5,0)/ (-2,0);2026-01-01 22:09:48;14.74
454;15.43;; (-5,0)/ (-4,2)/ (-3,0)/ (6,-3)/ (-3,-2)/ (3,0)/ (0,-4)/ (1,0)/ (6,-4)/ (4,0)/ (0,-3)/ (2,0)/ (5,-3)/;2026-01-01 22:10:21;15.43
455;14.95;; (0,2)/ (6,0)/ (0,3)/ (-3,0)/ (-5,-2)/ (0,-3)/ (0,-3)/ (2,0)/ (-3,-3)/ (-3,0)/ (-5,-1)/ (6,-2)/ (-2,-4)/;2026-01-01 22:10:50;14.95
456;11.29;; (1,0)/ (0,-3)/ (-3,0)/ (5,-1)/ (-3,0)/ (6,0)/ (-2,0)/ (-3,0)/ (-1,0)/ (-4,-5)/ (6,-4)/ (-3,0)/ (0,-4)/ (6,0);2026-01-01 22:11:21;11.29
457;18.58;; (1,0)/ (-4,-1)/ (-3,-3)/ (-2,-5)/ (5,-4)/ (1,0)/ (-3,-3)/ (5,0)/ (-4,0)/ (2,0)/ (4,0)/ (6,0);2026-01-01 22:11:48;18.58
458;14.96;; (-2,3)/ (6,-3)/ (-4,-1)/ (1,-2)/ (3,-3)/ (2,0)/ (-3,0)/ (4,0)/ (5,0)/ (-2,0)/ (3,-4)/;2026-01-01 22:12:39;14.96
459;20.18;; (0,5)/ (1,1)/ (0,-3)/ (6,-3)/ (-3,-4)/ (-3,-3)/ (-1,-2)/ (2,0)/ (4,-1)/ (3,0)/ (4,0)/ (2,0)/;2026-01-01 22:13:43;20.18
460;25.00;; (1,0)/ (3,3)/ (6,3)/ (-1,-4)/ (6,-3)/ (4,0)/ (-3,-3)/ (-5,0)/ (4,0)/ (2,0)/ (6,-3)/ (0,-4);2026-01-01 22:14:17;25.00
461;10.37;; (0,2)/ (3,0)/ (0,3)/ (-5,-2)/ (3,0)/ (0,-3)/ (2,0)/ (0,-3)/ (-3,0)/ (-3,-1)/ (2,0)/ (5,0)/ (-2,0)/ (6,0);2026-01-01 22:14:54;10.37
462;11.62;; (-2,3)/ (-3,0)/ (0,3)/ (2,-1)/ (3,0)/ (4,-5)/ (0,-4)/ (0,-3)/ (-1,0)/ (3,0)/ (-2,0)/ (0,-2);2026-01-01 22:16:14;11.62
463;15.26;; (4,0)/ (-4,5)/ (-5,4)/ (3,-3)/ (-4,-1)/ (0,-5)/ (-3,0)/ (0,-3)/ (0,-3)/ (-2,0)/ (-4,0)/ (4,0)/ (4,0)/;2026-01-01 22:16:47;15.26
464;15.14;; (-5,0)/ (5,5)/ (-2,1)/ (3,0)/ (-3,0)/ (-4,-3)/ (-3,0)/ (0,-1)/ (0,-5)/ (3,-4)/ (5,0)/;2026-01-01 22:20:57;15.14
465;11.04;; (-5,0)/ (-3,0)/ (-4,-1)/ (4,-5)/ (3,0)/ (2,-4)/ (4,0)/ (-3,-3)/ (5,-2)/ (-2,0)/ (0,-2)/ (6,-2);2026-01-01 22:21:26;11.04
466;16.36;; (0,-4)/ (1,-2)/ (3,0)/ (-4,-1)/ (3,0)/ (6,-3)/ (-2,0)/ (-3,0)/ (0,-3)/ (-5,0)/ (0,-2)/ (4,0)/ (6,0)/ (-4,0);2026-01-01 22:22:25;16.36
467;17.51;; (0,-4)/ (6,0)/ (0,3)/ (-3,0)/ (-3,0)/ (-5,-5)/ (-3,0)/ (2,0)/ (-3,-3)/ (-4,-3)/ (-4,0)/ (-4,-2)/ (4,0);2026-01-01 22:24:19;17.51
468;10.98;; (0,-1)/ (0,-3)/ (6,0)/ (-2,-5)/ (3,-3)/ (-4,-1)/ (0,-2)/ (-3,-3)/ (0,-5)/ (2,-2)/ (-4,0)/ (-3,0)/ (-1,0)/;2026-01-01 22:29:34;10.98
469;15.60;; (3,-1)/ (1,4)/ (3,0)/ (-3,-3)/ (3,0)/ (3,-1)/ (3,0)/ (6,-5)/ (-4,-2)/ (0,-2)/ (0,-2)/;2026-01-01 22:30:00;15.60
470;16.50;; (1,0)/ (-1,-1)/ (4,4)/ (3,0)/ (-1,-4)/ (0,-3)/ (1,0)/ (3,0)/ (2,0)/ (-5,0)/ (4,0)/ (5,0)/ (6,0)/ (-2,0)/;2026-01-01 22:30:32;16.50
471;11.11;; (-5,3)/ (-1,-4)/ (3,0)/ (-2,-5)/ (0,-3)/ (5,-3)/ (3,0)/ (0,-4)/ (1,0)/ (-2,0)/ (2,0)/ (-4,0)/ (-3,0);2026-01-01 22:33:22;11.11
472;16.19;; (4,0)/ (-3,0)/ (0,3)/ (-4,-4)/ (3,0)/ (-3,-5)/ (-3,0)/ (-2,0)/ (0,-3)/ (0,-3)/ (-2,0)/ (-4,0)/ (0,-4)/ (1,-2);2026-01-01 22:34:39;16.19
473;13.36;; (-2,0)/ (0,3)/ (5,-1)/ (6,-3)/ (-2,-5)/ (5,0)/ (0,-3)/ (-2,-1)/ (6,-4)/ (-2,-1)/ (6,-2)/ (0,-3)/;2026-01-01 22:35:12;13.36
474;12.73;; (-5,-3)/ (0,3)/ (-4,-1)/ (-3,0)/ (1,-5)/ (-3,0)/ (0,-4)/ (-3,0)/ (3,0)/ (2,-2)/ (-2,0)/ (1,0)/ (0,-3);2026-01-01 22:35:40;12.73
475;18.88;; (0,-4)/ (0,3)/ (-2,-5)/ (-4,-1)/ (3,0)/ (-5,-2)/ (0,-4)/ (3,0)/ (2,-5)/ (-4,0)/ (4,-2)/ (2,0)/ (5,0);2026-01-01 22:36:07;18.88
476;18.01;; (-2,-3)/ (5,-1)/ (-5,-2)/ (3,0)/ (-3,-1)/ (-3,0)/ (-1,-2)/ (4,0)/ (4,-4)/ (-1,-4)/ (4,0)/ (-4,0);2026-01-01 22:36:44;18.01
477;13.93;; (0,-4)/ (4,-5)/ (6,-3)/ (3,0)/ (3,0)/ (-1,-4)/ (0,-2)/ (3,0)/ (6,0)/ (4,-1)/ (-2,0)/ (0,-2);2026-01-01 22:37:13;13.93
478;12.20;; (-2,0)/ (3,0)/ (5,5)/ (0,-3)/ (6,0)/ (-3,0)/ (3,0)/ (-2,0)/ (-3,0)/ (6,-2)/ (6,-1)/ (2,-3)/ (3,-2);2026-01-01 22:37:40;12.20
479;17.14;; (-2,0)/ (0,3)/ (0,6)/ (-4,-1)/ (0,-3)/ (-5,-2)/ (-1,0)/ (-3,0)/ (0,-1)/ (0,-2)/ (0,-4)/ (0,-4)/ (6,0);2026-01-01 22:38:03;17.14
480;13.28;; (0,2)/ (0,3)/ (-5,-5)/ (3,0)/ (-4,-1)/ (4,-3)/ (0,-3)/ (-1,0)/ (-2,0)/ (0,-3)/ (3,-4);2026-01-01 22:38:32;13.28
481;12.95;; (1,-3)/ (-4,5)/ (3,0)/ (-3,0)/ (-5,-2)/ (0,-3)/ (-4,0)/ (-3,-3)/ (4,-1)/ (-2,0)/ (0,-2)/ (-4,-2)/;2026-01-01 22:38:58;12.95
482;17.67;; (0,-1)/ (0,-3)/ (0,3)/ (-5,-2)/ (2,-1)/ (0,-3)/ (1,0)/ (0,-3)/ (6,-3)/ (1,-1)/ (4,0)/ (0,-4)/ (-4,0)/ (6,0);2026-01-01 22:39:28;17.67
483;13.05;; (-3,-1)/ (1,4)/ (3,0)/ (3,0)/ (5,-1)/ (0,-3)/ (-5,0)/ (-3,0)/ (-3,0)/ (-2,0)/ (0,-2)/ (0,-1)/ (6,-4)/ (-5,0);2026-01-01 22:40:44;13.05
484;9.99;; (1,0)/ (2,-1)/ (-3,0)/ (-3,0)/ (-2,-5)/ (0,-3)/ (3,-1)/ (-3,-3)/ (0,-4)/ (-5,-5)/ (5,-4);2026-01-01 22:41:25;9.99
485;7.56;; (-2,3)/ (3,0)/ (-4,-1)/ (4,-2)/ (0,-3)/ (0,-3)/ (2,0)/ (-3,-3)/ (-3,0)/ (-3,-5)/ (-4,-2);2026-01-01 22:42:01;7.56
486;32.14;; (4,0)/ (3,0)/ (-1,-1)/ (-3,0)/ (4,-2)/ (2,-1)/ (-5,0)/ (-3,-3)/ (1,-4)/ (6,-2)/ (-4,0)/ (5,-2);2026-01-01 22:42:56;32.14
487;12.02;; (3,5)/ (1,4)/ (-4,-1)/ (4,-5)/ (-4,0)/ (-3,0)/ (0,-1)/ (-2,0)/ (4,-3)/ (-5,0)/ (6,0);2026-01-01 22:43:51;12.02
488;11.23;; (0,-4)/ (-2,-2)/ (0,3)/ (5,-1)/ (0,-3)/ (-3,0)/ (6,-2)/ (0,-3)/ (0,-1)/ (0,-4)/ (-2,0)/ (-3,-2)/ (-5,-3);2026-01-01 22:44:36;11.23
489;13.19;; (-5,0)/ (-4,-1)/ (-2,-5)/ (2,-4)/ (0,-3)/ (3,0)/ (4,0)/ (-3,0)/ (0,-3)/ (5,0)/ (2,0)/ (4,-5)/ (6,-2)/;2026-01-01 22:45:06;13.19
490;10.12;; (0,5)/ (4,1)/ (-4,5)/ (3,0)/ (0,-3)/ (3,0)/ (1,-3)/ (0,-3)/ (3,0)/ (4,0)/ (0,-2)/ (-4,-1);2026-01-01 22:45:45;10.12
491;12.72;; (-2,-3)/ (2,-4)/ (-5,-5)/ (0,-3)/ (0,-3)/ (6,-4)/ (-3,-3)/ (-3,0)/ (-2,-4)/ (-4,-4)/;2026-01-01 22:46:22;12.72
492;16.02;; (0,-1)/ (4,1)/ (3,0)/ (2,-1)/ (0,-3)/ (-5,-5)/ (0,-1)/ (3,0)/ (2,-5)/ (2,0)/ (4,0)/ (5,0)/ (-4,0)/ (6,0);2026-01-01 22:46:49;16.02
493;15.34;; (3,-1)/ (3,0)/ (-2,1)/ (0,-3)/ (2,-4)/ (0,-5)/ (-3,0)/ (4,-1)/ (2,0)/ (-1,-2)/ (2,-1)/ (-4,0);2026-01-01 22:47:18;15.34
494;14.65;; (0,-1)/ (-2,-2)/ (0,-3)/ (0,-3)/ (-1,-4)/ (4,-5)/ (-4,0)/ (0,-3)/ (0,-3)/ (3,-2)/ (-1,-2)/ (-4,0)/ (-1,-4);2026-01-01 22:47:47;14.65
495;18.19;; (-2,0)/ (-4,-4)/ (-3,0)/ (3,0)/ (4,-2)/ (-3,0)/ (0,-4)/ (-3,0)/ (5,-2)/ (4,0)/ (4,0)/ (2,0)/ (-2,0)/ (-3,-4);2026-01-01 22:48:54;18.19
496;18.76;; (3,-1)/ (-2,4)/ (3,0)/ (-4,-1)/ (1,0)/ (-3,-3)/ (5,-2)/ (-2,0)/ (6,-2)/ (2,-4);2026-01-01 22:49:24;18.76
497;13.68;; (0,-4)/ (-3,-3)/ (4,-5)/ (2,-1)/ (-2,-5)/ (2,0)/ (-3,0)/ (-2,0)/ (0,-1)/ (4,-3)/ (0,-4)/ (0,-2);2026-01-01 22:50:03;13.68
498;14.11;; (0,5)/ (3,0)/ (1,4)/ (5,-1)/ (0,-3)/ (-3,0)/ (0,-2)/ (-3,0)/ (0,-1)/ (4,0)/ (0,-2)/ (0,-5)/ (4,-4)/ (6,-4);2026-01-01 22:50:31;14.11
499;17.62;; (-5,0)/ (0,-3)/ (3,0)/ (-3,-3)/ (2,-1)/ (6,-3)/ (1,0)/ (-3,-3)/ (3,-4)/ (2,0)/ (0,-2)/ (2,-4)/;2026-01-01 22:50:59;17.62
500;17.94;; (0,-4)/ (3,0)/ (0,3)/ (0,-3)/ (4,-5)/ (5,-1)/ (3,-5)/ (-3,0)/ (0,-1)/ (-4,0)/ (-2,0)/ (-4,-3)/ (-3,0)/ (-4,0);2026-01-01 22:52:00;17.94